,Player,Match,Competition,Date,Position,Minutes played,Total actions,Successful actions,Goals,Assists,Shots,Shots on target,xG,Total passes,Accurate passes,Long passes,Accurate long passes,Crosses,Accurate crosses,Dribbles,Successful dribbles,Duels,Duels won,Aerial duels,Aerial duels won,Interceptions,Losses,Losses in own half,Recoveries,Opp. half recoveries,Yellow card,Red card,Defensive duels,Defensive duels won,Loose ball duels,Loose ball duels won,Sliding tackles,Successful sliding tackles,Clearances,Fouls,Yellow cards,Red cards,Shot assists,Offensive duel,Offensive duels won,Touches in penalty area,Offsides,Progressive runs,Fouls suffered,Through passes,Accurate through passes,xA,Second assists,Passes to final third,Accurate passes to final third,Passes to penalty area,Accurate passes to penalty area,Received passes,Forward passes,Accurate forward passes,Back passes,Accurate back passes,Conceded goals,xCG,Shots against,Saves / with reflexes,Unnamed: 65,Exits,Passes to GK,Accurate passes to GK,Goal kicks,Short goal kicks,Long goal kicks,Total_Accurate_Passes
65685,K. De Bruyne,Manchester City - Brentford 1:2,England. Premier League,2022-11-12,"RAMF, RCMF3",106,101,54,0,0,2,1,0.12,67,44,6,5,16,4,9,3,24,7,2,0,2,22,3,7,6,0,0,5,2,6,2,0,0,1,1,0,0,2,11,3,4,0,2,1,7,1,0.17,1,6,5,20,7,53,22,14,8,8,0,0.0,0,0,0,0,0,0,0,0,0,88
65686,K. De Bruyne,Manchester City - Fulham 2:1,England. Premier League,2022-11-05,"RCMF3, RW",101,85,54,0,0,2,1,0.02,49,38,4,2,10,5,10,5,24,12,0,0,0,13,1,7,6,0,0,4,3,2,1,0,0,0,1,0,0,5,18,8,2,0,3,2,3,2,0.69,0,4,3,9,6,37,8,5,12,12,0,0.0,0,0,0,0,0,0,0,0,0,73
65688,K. De Bruyne,Leicester City - Manchester City 0:1,England. Premier League,2022-10-29,RCMF3,96,96,64,1,0,5,2,0.17,64,52,8,6,8,3,4,4,17,8,1,1,3,8,0,5,4,0,0,5,2,5,1,0,0,1,2,0,0,4,6,4,4,0,1,0,7,3,0.42,0,4,0,14,8,54,11,6,9,9,0,0.0,0,0,0,0,1,1,0,0,0,88
65689,K. De Bruyne,Manchester City - Brighton 3:1,England. Premier League,2022-10-22,RCMF3,99,67,34,1,0,2,1,0.16,29,21,2,0,3,1,5,3,23,10,1,0,3,15,3,5,3,0,0,7,3,3,1,0,0,0,4,0,0,3,12,6,5,0,2,1,3,0,0.48,0,2,2,7,3,17,6,3,6,6,0,0.0,0,0,0,0,1,1,0,0,0,37
65690,K. De Bruyne,Liverpool - Manchester City 1:0,England. Premier League,2022-10-16,AMF,101,67,37,0,0,1,0,0.01,40,28,7,5,8,2,2,1,18,9,3,2,3,14,1,6,4,0,0,1,0,2,0,0,0,1,0,0,0,2,12,7,4,0,2,2,1,1,0.41,0,7,6,10,5,31,12,8,6,5,0,0.0,0,0,0,0,1,1,0,0,0,61
65692,K. De Bruyne,Manchester City - Southampton 4:0,England. Premier League,2022-10-08,AMF,73,57,34,0,1,0,0,0.0,33,27,0,0,7,3,1,1,9,5,1,0,2,10,0,3,2,0,0,3,2,3,2,0,0,0,0,0,0,3,2,1,6,0,3,1,2,1,0.31,0,7,6,4,3,29,10,9,6,6,0,0.0,0,0,0,0,0,0,0,0,0,55
65693,K. De Bruyne,Manchester City - Manchester United 6:3,England. Premier League,2022-10-02,RCMF3,77,52,36,0,2,3,2,0.46,27,23,2,2,3,1,2,2,8,7,0,0,1,4,1,2,1,0,0,3,2,0,0,0,0,1,0,0,0,2,5,5,3,1,3,1,0,0,0.67,1,7,6,3,3,24,12,11,4,3,0,0.0,0,0,0,0,0,0,0,0,0,49
65696,K. De Bruyne,Wolverhampton Wanderers - Manchester City 0:3,England. Premier League,2022-09-17,RCMF3,75,57,35,0,2,2,0,0.06,37,32,3,3,3,2,2,1,12,2,0,0,1,5,3,1,0,0,0,4,1,1,0,0,0,1,1,0,0,4,7,1,1,0,2,0,0,0,0.59,0,7,6,5,5,34,11,9,4,4,0,0.0,0,0,0,0,0,0,0,0,0,61
65699,K. De Bruyne,Aston Villa - Manchester City 1:1,England. Premier League,2022-09-03,RCMF3,97,87,54,0,1,4,0,0.34,58,47,6,3,7,5,1,0,11,3,3,2,1,11,1,3,2,0,0,3,1,1,0,0,0,0,2,0,0,4,4,0,4,0,6,0,4,0,0.87,0,9,7,13,7,49,17,12,8,8,0,0.0,0,0,0,0,0,0,0,0,0,89
65700,K. De Bruyne,Manchester City - Nottingham Forest 6:0,England. Premier League,2022-08-31,AMF,24,33,23,0,0,1,1,0.22,21,18,2,2,1,0,3,1,4,2,0,0,1,4,1,1,0,0,0,0,0,0,0,0,0,0,0,0,0,1,4,2,1,0,1,1,1,0,0.02,0,7,5,2,1,21,5,4,2,2,0,0.0,0,0,0,0,0,0,0,0,0,32
65701,K. De Bruyne,Manchester City - Crystal Palace 4:2,England. Premier League,2022-08-27,"LCMF3, RCMF3",93,96,55,0,0,3,0,0.05,73,50,10,3,13,7,2,1,8,3,1,0,2,22,0,5,5,0,0,3,1,1,1,0,0,0,2,0,0,2,3,1,2,0,2,0,3,0,0.14,1,13,9,20,8,63,28,14,5,5,0,0.0,0,0,0,0,0,0,0,0,0,96
65702,K. De Bruyne,Newcastle United - Manchester City 3:3,England. Premier League,2022-08-21,RCMF3,102,77,46,0,1,3,2,0.16,38,28,2,1,4,2,3,2,17,10,1,0,3,10,3,7,4,0,0,2,1,6,3,0,0,0,0,0,0,4,8,6,2,0,2,3,6,4,1.08,0,7,4,7,5,29,17,13,3,3,0,0.0,0,0,0,0,0,0,0,0,0,60
65703,K. De Bruyne,Manchester City - Bournemouth 4:0,England. Premier League,2022-08-13,AMF,97,74,54,1,1,4,2,0.27,49,44,2,2,6,2,3,3,9,6,2,0,2,4,0,2,2,0,0,0,0,1,0,0,0,0,0,0,0,3,6,6,3,0,5,1,2,1,0.43,0,2,2,7,4,50,8,7,10,10,0,0.0,0,0,0,0,0,0,0,0,0,72
65704,K. De Bruyne,West Ham United - Manchester City 0:2,England. Premier League,2022-08-07,RCMF3,92,79,51,0,1,2,0,0.09,66,50,5,1,7,1,1,1,4,1,1,0,3,13,3,3,3,0,0,0,0,1,0,0,0,1,0,0,0,2,2,1,5,0,2,0,5,1,0.31,0,9,7,6,1,65,9,4,12,12,0,0.0,0,0,0,0,1,1,0,0,0,78
65711,K. De Bruyne,Manchester City - Aston Villa 3:2,England. Premier League,2022-05-22,RCMF3,99,102,65,0,1,3,0,0.27,57,47,4,2,6,3,6,4,24,13,6,3,1,17,1,8,6,0,0,4,3,3,2,0,0,1,1,0,0,2,11,5,6,0,5,2,2,0,0.57,0,12,9,12,5,41,23,17,7,7,0,0.0,0,0,0,0,0,0,0,0,0,90
65712,K. De Bruyne,West Ham United - Manchester City 2:2,England. Premier League,2022-05-15,RCMF3,98,71,47,0,0,4,1,0.17,52,41,6,3,7,3,1,0,11,4,0,0,2,11,3,3,2,0,0,2,0,7,4,0,0,2,0,0,0,3,2,0,5,0,2,1,2,0,0.15,0,11,9,8,4,50,14,9,9,9,0,0.0,0,0,0,0,1,1,0,0,0,79
65713,K. De Bruyne,Wolverhampton Wanderers - Manchester City 1:5,England. Premier League,2022-05-11,AMF,95,84,62,4,0,6,4,0.6,57,50,4,4,1,1,3,0,14,7,1,0,1,5,0,3,3,78,0,4,2,2,2,0,0,0,2,1,0,2,7,3,5,0,5,1,7,3,0.36,1,14,12,8,6,50,20,14,11,11,0,0.0,0,0,0,0,0,0,0,0,0,101
65714,K. De Bruyne,Manchester City - Newcastle United 5:0,England. Premier League,2022-05-08,AMF,95,90,62,0,1,1,0,0.0,58,49,4,3,4,1,5,4,15,7,3,1,4,10,1,6,3,75,0,3,1,1,0,0,0,0,1,1,0,5,8,5,3,0,9,0,5,3,0.71,0,12,12,9,5,41,22,18,6,6,0,0.0,0,0,0,0,0,0,0,0,0,97
65717,K. De Bruyne,Manchester City - Watford 5:1,England. Premier League,2022-04-23,AMF,58,47,24,0,2,1,0,0.01,25,17,1,1,4,2,3,2,11,7,0,0,3,10,2,3,0,0,0,2,1,4,3,0,0,2,1,0,0,3,5,3,4,0,1,0,1,0,0.5,0,3,1,3,2,18,5,1,3,3,0,0.0,0,0,0,0,0,0,0,0,0,27
65718,K. De Bruyne,Manchester City - Brighton 3:0,England. Premier League,2022-04-20,AMF,85,78,41,0,1,3,1,0.09,43,29,3,0,4,0,4,2,19,7,4,3,0,16,6,2,2,0,0,4,1,2,1,0,0,1,1,0,0,4,9,2,1,0,5,0,1,0,0.41,0,5,2,11,4,35,18,8,7,7,0,0.0,0,0,0,0,0,0,0,0,0,50
65720,K. De Bruyne,Manchester City - Liverpool 2:2,England. Premier League,2022-04-10,AMF,96,62,27,1,0,2,1,0.15,23,18,1,0,2,0,2,1,10,3,0,0,1,8,1,2,1,0,0,2,0,2,0,0,0,0,3,0,0,2,6,3,4,1,3,2,3,2,0.4,0,4,2,1,1,16,4,3,7,7,0,0.0,0,0,0,0,1,1,0,0,0,34
65722,K. De Bruyne,Burnley - Manchester City 0:2,England. Premier League,2022-04-02,RCMF3,79,73,56,1,0,1,1,0.14,56,48,3,2,4,1,2,2,11,4,3,0,1,8,1,5,3,0,0,2,1,1,1,0,0,0,0,0,0,4,5,2,3,0,2,1,1,1,0.31,1,8,6,2,0,49,13,10,12,12,0,0.0,0,0,0,0,1,1,0,0,0,81
65724,K. De Bruyne,Crystal Palace - Manchester City 0:0,England. Premier League,2022-03-14,RCMF3,97,86,56,0,0,3,2,0.48,54,43,3,1,5,2,2,2,18,8,2,1,3,17,3,5,5,0,0,7,2,3,2,0,0,0,3,0,0,3,6,3,8,0,4,1,4,1,0.15,0,5,4,7,2,48,10,5,13,13,0,0.0,0,0,0,0,1,1,0,0,0,72
65725,K. De Bruyne,Manchester City - Manchester United 4:1,England. Premier League,2022-03-06,AMF,83,74,55,2,1,6,4,1.14,41,37,5,5,1,0,7,5,18,9,0,0,3,7,2,2,1,0,0,5,2,2,1,0,0,0,1,0,0,3,11,6,6,0,4,3,1,1,0.23,0,6,6,3,2,34,6,5,11,11,0,0.0,0,0,0,0,0,0,0,0,0,67
65726,K. De Bruyne,Everton - Manchester City 0:1,England. Premier League,2022-02-26,RCMF3,100,73,40,0,0,2,2,0.05,40,29,1,0,5,2,4,2,22,7,1,1,0,13,5,4,3,0,0,6,2,7,2,0,0,0,3,0,0,2,8,2,2,0,3,0,3,0,0.44,0,4,4,2,0,36,11,6,7,6,0,0.0,0,0,0,0,0,0,0,0,0,47
65727,K. De Bruyne,Manchester City - Tottenham Hotspur 2:3,England. Premier League,2022-02-19,RCMF3,101,114,78,0,0,0,0,0.0,85,65,9,7,16,6,7,6,18,11,0,0,3,20,2,6,6,0,0,6,3,1,0,0,0,0,1,0,0,1,11,8,4,0,1,2,5,2,0.02,0,11,10,16,8,73,24,20,12,11,0,0.0,0,0,0,0,1,1,0,0,0,130
65729,K. De Bruyne,Manchester City - Brentford 2:0,England. Premier League,2022-02-09,RCMF3,95,104,67,1,0,1,1,0.14,69,58,5,3,4,2,1,1,17,7,3,2,6,15,3,4,2,0,0,6,4,3,0,0,0,0,1,0,0,4,5,1,3,1,0,1,2,0,0.25,0,10,9,10,5,57,22,17,10,9,0,0.0,0,0,0,0,1,1,0,0,0,104
65731,K. De Bruyne,Southampton - Manchester City 1:1,England. Premier League,2022-01-22,"LCMF3, RCMF3",98,108,63,0,1,4,1,0.21,66,52,3,2,9,1,10,2,20,7,0,0,3,15,1,9,6,0,0,2,2,3,2,0,0,0,0,0,0,3,15,3,1,0,1,1,3,2,0.2,0,7,7,11,3,44,19,15,15,14,0,0.0,0,0,0,0,0,0,0,0,0,96
65732,K. De Bruyne,Manchester City - Chelsea 1:0,England. Premier League,2022-01-15,LCMF3,85,67,36,1,0,5,3,0.34,28,20,1,0,3,0,3,3,22,11,1,0,5,13,2,5,3,0,0,10,5,2,0,0,0,2,1,0,0,0,9,6,4,1,2,0,0,0,0.0,0,3,1,1,0,24,8,4,5,5,0,0.0,0,0,0,0,0,0,0,0,0,30
65734,K. De Bruyne,Arsenal - Manchester City 1:2,England. Premier League,2022-01-01,"LCMF3, RCMF3",99,72,41,0,0,1,0,0.05,44,36,2,0,2,2,1,0,12,3,0,0,4,12,6,4,2,0,0,4,2,4,0,0,0,3,0,0,0,1,4,1,0,1,0,1,4,1,0.15,0,4,3,6,3,41,13,9,7,6,0,0.0,0,0,0,0,0,0,0,0,0,60
65735,K. De Bruyne,Brentford - Manchester City 0:1,England. Premier League,2021-12-29,RCMF3,95,92,58,0,1,4,1,0.23,58,44,3,1,7,2,2,2,11,8,1,1,4,14,3,5,3,0,0,7,5,0,0,0,0,1,0,0,0,2,3,2,2,0,0,0,1,0,0.45,0,2,1,9,5,51,16,11,12,10,0,0.0,0,0,0,0,0,0,0,0,0,74
65736,K. De Bruyne,Manchester City - Leicester City 6:3,England. Premier League,2021-12-26,RCMF3,73,67,35,1,0,3,1,0.16,38,28,1,0,5,0,1,0,16,5,0,0,3,9,1,3,2,0,0,6,2,3,1,0,0,1,1,0,0,1,7,2,4,0,2,1,0,0,0.1,0,3,3,5,3,30,9,7,9,6,0,0.0,0,0,0,0,0,0,0,0,0,47
65737,K. De Bruyne,Newcastle United - Manchester City 0:4,England. Premier League,2021-12-19,RCMF3,93,74,54,0,0,1,0,0.13,53,46,2,1,0,0,1,1,8,4,0,0,2,9,2,5,2,0,0,1,1,1,0,0,0,0,0,0,0,4,6,3,1,0,2,1,5,2,0.76,0,11,9,6,5,45,19,17,12,10,0,0.0,0,0,0,0,0,0,0,0,0,90
65738,K. De Bruyne,Manchester City - Leeds United 7:0,England. Premier League,2021-12-14,RCMF3,96,96,58,2,0,9,4,0.75,56,45,3,1,3,1,4,3,9,6,0,0,1,8,1,1,0,0,0,2,1,2,1,0,0,0,0,0,0,3,5,4,7,0,5,1,4,2,0.31,0,2,1,4,1,53,13,9,14,12,0,0.0,0,0,0,0,2,2,0,0,0,74
65739,K. De Bruyne,Manchester City - Wolverhampton Wanderers 1:0,England. Premier League,2021-12-11,RCMF3,21,35,20,0,0,0,0,0.0,24,18,2,2,2,0,2,0,5,2,0,0,1,3,0,1,1,0,0,2,2,0,0,0,0,0,0,0,0,1,3,0,1,0,0,0,0,0,0.14,0,3,2,3,2,21,7,4,4,4,0,0.0,0,0,0,0,1,1,0,0,0,33
65741,K. De Bruyne,Watford - Manchester City 1:3,England. Premier League,2021-12-04,RCMF3,27,25,18,0,0,1,0,0.07,19,16,1,0,1,0,2,1,3,2,0,0,1,3,1,1,0,0,0,1,1,0,0,0,0,0,0,0,0,0,2,1,1,0,0,1,0,0,0.0,0,1,1,1,0,18,3,3,4,3,0,0.0,0,0,0,0,0,0,0,0,0,23
65744,K. De Bruyne,Manchester United - Manchester City 0:2,England. Premier League,2021-11-06,RCMF3,96,136,90,0,0,4,1,0.41,89,78,9,6,1,0,1,0,15,7,1,0,6,10,3,11,8,0,0,6,3,2,2,0,0,1,1,0,0,3,6,2,4,0,3,2,4,1,0.09,0,7,7,5,2,77,15,10,18,18,0,0.0,0,0,0,0,2,2,0,0,0,124
65746,K. De Bruyne,Manchester City - Crystal Palace 0:2,England. Premier League,2021-10-30,"RCMF3, RWB",65,56,26,0,0,0,0,0.0,33,24,0,0,7,3,4,1,14,2,1,0,3,11,1,2,1,0,0,3,1,1,0,0,0,0,0,0,0,1,9,1,2,0,1,0,1,0,0.03,0,2,2,9,3,29,7,4,4,4,0,0.0,0,0,0,0,0,0,0,0,0,40
65748,K. De Bruyne,Brighton - Manchester City 1:4,England. Premier League,2021-10-23,CF,20,22,13,0,0,0,0,0.0,17,13,2,1,1,0,0,0,2,0,1,0,0,4,0,1,1,0,0,0,0,1,0,0,0,0,0,0,0,2,0,0,2,0,1,0,1,0,0.15,0,3,3,1,0,14,4,3,3,2,0,0.0,0,0,0,0,0,0,0,0,0,22
65750,K. De Bruyne,Manchester City - Burnley 2:0,England. Premier League,2021-10-16,"LCMF3, RCMF3",89,84,62,1,0,1,1,0.29,66,54,7,3,4,0,2,1,8,4,1,1,2,9,0,6,6,0,0,1,1,1,0,0,0,1,0,0,0,1,5,2,3,0,4,0,1,0,0.24,0,6,5,7,3,49,14,11,9,9,0,0.0,0,0,0,0,1,1,0,0,0,86
65753,K. De Bruyne,Liverpool - Manchester City 2:2,England. Premier League,2021-10-03,"RCMF3, CF",95,79,38,1,0,5,1,0.34,41,29,3,3,1,0,0,0,12,6,1,0,3,8,3,2,1,0,0,3,2,4,2,0,0,1,0,0,0,0,4,2,5,0,4,1,6,1,0.0,0,8,5,5,2,35,12,6,9,9,0,0.0,0,0,0,0,1,1,0,0,0,56
65755,K. De Bruyne,Chelsea - Manchester City 0:1,England. Premier League,2021-09-25,LCMF3,82,63,32,0,0,4,0,0.05,29,20,0,0,3,0,3,3,15,11,0,0,2,9,2,2,1,0,0,5,3,2,2,0,0,2,1,0,0,2,8,6,3,0,2,2,3,2,0.06,0,3,2,4,1,27,9,6,3,3,0,0.0,0,0,0,0,1,1,0,0,0,35
65757,K. De Bruyne,Manchester City - Southampton 0:0,England. Premier League,2021-09-18,RCMF3,33,31,20,0,0,1,0,0.0,18,14,3,3,2,2,4,1,10,5,2,1,0,4,2,2,2,0,0,2,2,1,0,0,0,0,0,0,0,1,5,2,0,0,1,1,1,1,0.1,0,2,2,3,1,11,5,3,1,1,0,0.0,0,0,0,0,0,0,0,0,0,27
65759,K. De Bruyne,Tottenham Hotspur - Manchester City 1:0,England. Premier League,2021-08-15,LCMF3,17,20,12,0,0,1,1,0.02,12,7,2,1,1,0,3,1,6,3,0,0,0,5,3,0,0,0,0,1,1,1,0,0,0,0,0,0,0,1,4,2,0,0,2,0,1,0,0.06,0,4,3,4,2,9,7,5,1,1,0,0.0,0,0,0,0,0,0,0,0,0,19
65765,K. De Bruyne,Manchester City - Everton 5:0,England. Premier League,2021-05-23,"LCMF3, RCMF3",94,106,67,1,0,2,2,0.08,59,47,2,1,2,0,6,4,28,11,1,0,3,17,6,2,1,0,0,11,4,1,0,0,0,0,3,0,0,5,15,7,2,0,6,1,9,5,0.38,0,10,9,6,4,42,17,11,14,13,0,0.0,0,0,0,0,0,0,0,0,0,90
65772,K. De Bruyne,Leicester City - Manchester City 0:2,England. Premier League,2021-04-03,AMF,89,120,61,0,0,2,0,0.05,57,41,8,5,2,0,9,6,36,17,1,0,3,15,2,9,6,0,0,11,6,3,2,1,0,0,1,0,0,1,21,9,0,0,4,4,10,4,0.32,0,11,4,9,4,37,20,12,13,13,0,0.0,0,0,0,0,2,2,0,0,0,85
65777,K. De Bruyne,Manchester City - Southampton 5:2,England. Premier League,2021-03-10,"RAMF, RCMF3",76,66,46,2,0,3,3,1.11,41,37,1,1,2,1,4,2,8,3,0,0,2,5,3,3,3,0,0,2,1,1,0,0,0,0,1,0,0,1,5,2,5,0,1,0,0,0,0.26,0,6,4,1,1,41,13,10,9,9,0,0.0,0,0,0,0,1,1,0,0,0,64
65778,K. De Bruyne,Manchester City - Manchester United 0:2,England. Premier League,2021-03-07,RCMF3,98,107,58,0,0,4,1,0.34,61,47,0,0,8,3,5,3,16,6,0,0,4,14,2,3,2,0,0,3,0,2,1,0,0,1,2,0,0,5,11,5,5,0,2,0,5,3,0.79,0,5,4,8,4,49,12,10,9,8,0,0.0,0,0,0,0,0,0,0,0,0,79
65779,K. De Bruyne,Manchester City - Wolverhampton Wanderers 4:1,England. Premier League,2021-03-02,"LCMF3, RCMF3",97,122,82,0,0,4,2,0.34,85,67,7,5,4,0,5,5,19,11,1,1,2,19,0,5,4,0,0,5,2,2,2,0,0,0,1,0,0,1,11,6,5,0,1,2,5,1,0.03,0,15,14,9,2,80,26,20,17,16,0,0.0,0,0,0,0,1,1,0,0,0,126
65780,K. De Bruyne,Manchester City - West Ham United 2:1,England. Premier League,2021-02-27,"LCMF3, RCMF3",95,101,57,0,1,2,0,0.01,60,47,3,1,1,0,3,3,13,7,2,0,2,10,1,0,0,0,0,1,1,3,2,0,0,0,0,0,0,1,7,4,5,0,2,0,2,1,0.11,0,7,5,6,3,52,14,8,13,11,0,0.0,0,0,0,0,2,2,0,0,0,78
65781,K. De Bruyne,Arsenal - Manchester City 0:1,England. Premier League,2021-02-21,RCMF3,65,69,43,0,0,3,0,0.09,49,38,2,2,3,0,1,0,9,2,1,0,1,11,3,3,3,0,0,1,0,1,1,0,0,0,0,0,0,0,6,1,2,0,0,1,6,2,0.0,0,4,3,8,2,42,12,8,12,11,0,0.0,0,0,0,0,1,1,0,0,0,67
65782,K. De Bruyne,Everton - Manchester City 1:3,England. Premier League,2021-02-17,RCMF3,14,20,17,0,0,0,0,0.0,19,17,0,0,0,0,0,0,1,0,0,0,1,2,1,2,1,0,0,1,0,0,0,0,0,0,0,0,0,0,0,0,0,0,0,0,1,0,0.0,0,2,1,1,1,16,3,2,6,6,0,0.0,0,0,0,0,1,1,0,0,0,28
65783,K. De Bruyne,Manchester City - Aston Villa 2:0,England. Premier League,2021-01-20,RCMF3,61,55,37,0,0,4,1,0.15,37,31,1,1,1,0,0,0,8,3,2,1,0,6,2,4,1,0,0,3,0,2,2,0,0,0,1,0,0,3,1,0,2,0,2,1,2,1,0.57,0,6,4,4,2,34,12,9,7,6,0,0.0,0,0,0,0,0,0,0,0,0,54
65784,K. De Bruyne,Manchester City - Crystal Palace 4:0,England. Premier League,2021-01-17,RCMF3,72,81,48,0,1,3,0,0.31,42,35,5,4,5,2,4,3,21,12,1,0,6,12,1,5,4,0,0,6,5,3,1,0,0,2,2,0,0,3,11,6,2,0,1,1,1,1,0.24,0,7,7,4,3,32,8,7,7,6,0,0.0,0,0,0,0,0,0,0,0,0,65
65785,K. De Bruyne,Manchester City - Brighton & Hove Albion 1:0,England. Premier League,2021-01-13,RCMF3,94,95,67,0,1,6,3,0.68,55,44,7,4,4,0,8,7,23,16,1,0,5,11,2,5,3,0,0,5,3,4,3,0,0,1,1,0,0,3,13,10,4,0,6,3,5,2,0.21,0,8,5,8,4,44,15,9,12,12,0,0.0,0,0,0,0,1,1,0,0,0,81
65788,K. De Bruyne,Chelsea - Manchester City 1:3,England. Premier League,2021-01-03,CF,88,71,36,1,1,4,1,1.03,34,30,2,2,1,1,3,1,17,4,2,0,4,8,2,4,2,0,0,6,2,2,0,0,0,0,3,0,0,1,7,2,5,0,5,1,1,0,0.21,0,4,2,1,1,27,9,7,12,12,0,0.0,0,0,0,0,1,1,0,0,0,56
65789,K. De Bruyne,Manchester City - Newcastle United 2:0,England. Premier League,2020-12-26,AMF,96,96,70,0,0,3,2,0.36,65,58,1,0,1,0,6,6,15,8,0,0,3,16,2,3,1,0,0,1,1,4,1,0,0,0,0,0,0,0,10,6,4,0,2,1,3,2,0.0,0,11,9,5,5,61,12,9,14,14,0,0.0,0,0,0,0,0,0,0,0,0,97
65790,K. De Bruyne,Southampton - Manchester City 0:1,England. Premier League,2020-12-19,AMF,98,89,49,0,1,2,1,0.17,41,35,2,1,2,1,5,2,28,9,1,1,1,11,1,1,1,25,0,5,2,8,1,0,0,0,1,1,0,4,14,5,1,0,5,0,2,0,0.5,0,5,4,3,1,29,8,5,13,12,0,0.0,0,0,0,0,0,0,0,0,0,59
65791,K. De Bruyne,Manchester City - West Bromwich Albion 1:1,England. Premier League,2020-12-15,AMF,95,79,46,0,0,4,2,0.45,57,40,2,2,9,2,4,2,8,3,0,0,1,11,1,3,3,0,0,0,0,2,0,0,0,0,0,0,0,4,6,3,4,0,6,1,2,0,0.5,0,5,4,9,3,51,9,8,4,4,0,0.0,0,0,0,0,0,0,0,0,0,63
65792,K. De Bruyne,Manchester United - Manchester City 0:0,England. Premier League,2020-12-12,AMF,94,80,42,0,0,3,0,0.62,37,29,2,1,1,0,3,3,18,10,2,1,2,8,1,6,4,0,0,7,3,4,2,0,0,0,2,0,0,3,5,4,2,0,1,1,6,1,0.29,0,7,4,6,5,29,14,11,6,6,0,0.0,0,0,0,0,0,0,0,0,0,57
65793,K. De Bruyne,Manchester City - Fulham 2:0,England. Premier League,2020-12-05,AMF,94,93,65,1,1,6,2,1.6,49,42,4,2,1,0,7,5,24,15,1,1,2,13,3,4,1,0,0,9,6,1,1,0,0,2,1,0,0,3,13,7,5,0,3,3,1,1,0.8,0,3,3,7,4,47,11,10,14,14,0,0.0,0,0,0,0,0,0,0,0,0,76
65794,K. De Bruyne,Manchester City - Burnley 5:0,England. Premier League,2020-11-28,AMF,95,81,54,0,2,3,1,0.17,56,42,4,2,3,1,2,1,14,7,1,1,3,14,5,4,1,0,0,2,1,4,3,0,0,0,0,0,0,2,7,2,2,0,6,0,3,2,0.43,0,6,4,10,6,43,12,10,8,6,0,0.0,0,0,0,0,0,0,0,0,0,73
65795,K. De Bruyne,Tottenham Hotspur - Manchester City 2:0,England. Premier League,2020-11-21,"LCMF3, RCMF3",96,82,49,0,0,7,0,0.37,47,32,4,1,6,0,4,3,17,9,1,0,1,16,3,3,1,0,0,3,1,5,2,0,0,0,1,0,0,2,8,6,6,0,2,4,3,0,0.34,0,7,5,10,3,36,19,12,3,3,0,0.0,0,0,0,0,0,0,0,0,0,56
65798,K. De Bruyne,Manchester City - Liverpool 1:1,England. Premier League,2020-11-08,AMF,98,69,29,0,0,4,0,0.85,35,25,0,0,6,2,1,1,10,3,1,0,2,12,3,4,1,0,0,3,0,2,0,0,0,0,2,0,0,2,4,3,1,0,1,2,2,0,0.29,0,2,1,4,3,30,11,8,7,6,0,0.0,0,0,0,0,0,0,0,0,0,45
65800,K. De Bruyne,Sheffield United - Manchester City 0:1,England. Premier League,2020-10-31,"LCMF3, RCMF3",94,88,58,0,1,3,1,0.29,62,50,3,0,1,0,3,2,13,3,1,0,3,11,1,6,3,0,0,2,0,3,0,1,0,0,1,0,0,1,7,3,2,0,6,2,5,2,0.06,0,6,3,5,4,50,14,10,15,15,0,0.0,0,0,0,0,0,0,0,0,0,84
65802,K. De Bruyne,West Ham United - Manchester City 1:1,England. Premier League,2020-10-24,"AMF, RCMF3",26,40,22,0,0,1,1,0.15,29,19,2,2,5,1,1,0,5,1,1,1,1,11,0,2,2,0,0,0,0,2,0,0,0,0,0,0,0,0,2,0,2,0,2,0,3,1,0.0,0,3,3,8,2,23,6,4,4,4,0,0.0,0,0,0,0,0,0,0,0,0,36
65804,K. De Bruyne,Leeds United - Manchester City 1:1,England. Premier League,2020-10-03,"AMF, RCMF3",94,82,46,0,0,5,0,0.22,36,31,0,0,3,1,7,3,23,7,0,0,1,7,0,9,7,0,0,10,4,1,0,1,1,1,2,0,0,4,12,3,5,1,5,0,1,0,0.39,0,4,4,4,3,30,15,15,2,2,0,0.0,0,0,0,0,0,0,0,0,0,56
65806,K. De Bruyne,Manchester City - Leicester City 2:5,England. Premier League,2020-09-27,"AMF, RDMF",95,96,56,0,0,2,0,0.05,60,43,8,4,7,1,6,2,21,9,0,0,0,16,0,7,7,0,0,5,3,4,1,0,0,0,1,0,0,3,12,5,5,0,6,2,4,2,0.38,0,11,9,6,3,49,13,7,4,3,0,0.0,0,0,0,0,0,0,0,0,0,72
65808,K. De Bruyne,Wolverhampton Wanderers - Manchester City 1:3,England. Premier League,2020-09-21,AMF,97,117,79,1,0,4,4,0.98,71,58,2,2,4,2,8,5,27,15,0,0,2,12,2,7,5,0,0,8,5,9,4,0,0,2,2,0,0,4,10,6,5,0,3,1,7,4,0.35,1,10,9,6,5,53,21,17,13,13,0,0.0,0,0,0,0,0,0,0,0,0,110
65812,K. De Bruyne,Manchester City - Norwich City 5:0,England. Premier League,2020-07-26,"LCMF3, RCMF3",96,96,63,2,1,4,2,0.43,56,44,5,4,5,2,10,6,23,13,1,1,1,14,2,5,4,0,0,5,4,2,1,0,0,0,1,0,0,9,15,7,13,0,4,1,5,3,0.95,0,3,2,17,12,51,15,8,5,5,0,0.0,0,0,0,0,0,0,0,0,0,80
65813,K. De Bruyne,Watford - Manchester City 0:4,England. Premier League,2020-07-21,"LCMF3, RCMF3",97,117,78,0,1,3,1,0.39,83,63,8,3,6,1,3,1,19,11,0,0,1,17,0,6,5,0,0,6,5,6,3,1,1,0,0,0,0,5,7,3,5,0,2,2,9,1,0.68,0,11,7,9,2,72,16,9,18,17,0,0.0,0,0,0,0,2,2,0,0,0,105
65815,K. De Bruyne,Brighton & Hove Albion - Manchester City 0:5,England. Premier League,2020-07-11,RCMF3,65,67,42,0,0,1,0,0.08,48,32,6,3,5,0,2,2,11,8,1,0,2,12,1,4,3,0,0,3,2,1,1,0,0,0,0,0,0,3,6,5,1,0,2,2,4,2,0.8,1,9,5,4,1,39,11,6,12,11,0,0.0,0,0,0,0,1,1,0,0,0,61
65816,K. De Bruyne,Manchester City - Newcastle United 5:0,England. Premier League,2020-07-08,"LWF, RCMF3",95,93,58,0,1,1,0,0.04,66,55,7,5,5,2,5,1,18,4,2,1,3,14,4,5,2,0,0,5,1,1,1,0,0,0,1,0,0,7,10,1,3,1,0,0,2,0,1.49,0,7,5,10,5,55,17,13,3,3,0,0.0,0,0,0,0,0,0,0,0,0,88
65817,K. De Bruyne,Southampton - Manchester City 1:0,England. Premier League,2020-07-05,RCMF3,39,55,36,0,0,3,0,0.36,40,29,7,5,7,2,2,1,9,6,1,1,2,8,0,4,3,0,0,3,3,2,0,0,0,0,0,0,0,1,3,2,2,0,1,0,3,1,0.08,0,12,10,9,4,33,11,8,4,3,0,0.0,0,0,0,0,0,0,0,0,0,62
65818,K. De Bruyne,Manchester City - Liverpool 4:0,England. Premier League,2020-07-02,AMF,100,48,25,1,1,4,1,0.88,23,18,1,1,2,1,5,1,12,5,1,1,0,6,0,0,0,0,0,2,2,2,0,0,0,1,0,0,0,4,7,2,3,1,2,1,3,1,0.53,0,3,1,5,4,19,6,3,6,5,0,0.0,0,0,0,0,0,0,0,0,0,34
65820,K. De Bruyne,Chelsea - Manchester City 2:1,England. Premier League,2020-06-25,"LW, RCMF3",99,77,51,1,0,2,1,0.1,47,40,5,3,2,0,5,3,11,6,1,0,1,3,2,4,3,75,0,4,3,0,0,0,0,0,0,1,0,0,6,3,0,1,1,1,3,3,0.0,0,7,4,5,2,36,13,9,6,6,0,0.0,0,0,0,0,0,0,0,0,0,67
65821,K. De Bruyne,Manchester City - Burnley 5:0,England. Premier League,2020-06-22,RCMF3,32,29,23,0,0,1,0,0.04,24,22,2,1,2,1,4,1,4,1,0,0,0,1,0,0,0,0,0,0,0,0,0,0,0,0,0,0,0,1,4,1,0,0,0,1,1,0,0.2,0,5,5,4,3,25,5,4,5,5,0,0.0,0,0,0,0,0,0,0,0,0,41
65822,K. De Bruyne,Manchester City - Arsenal 3:0,England. Premier League,2020-06-17,RCMF3,73,83,53,1,0,5,3,1.07,55,43,6,4,1,0,4,3,13,4,0,0,1,10,2,3,2,0,0,3,1,2,0,1,0,0,1,0,0,2,8,3,4,0,3,0,5,3,0.64,0,1,0,5,4,44,13,9,10,10,0,0.0,0,0,0,0,2,2,0,0,0,75
65825,K. De Bruyne,Leicester City - Manchester City 0:1,England. Premier League,2020-02-22,LCMF3,95,105,56,0,0,3,1,0.18,56,42,2,2,2,0,5,3,24,10,0,0,5,18,2,2,2,0,0,6,4,1,1,0,0,0,2,0,0,1,17,5,3,0,3,1,6,1,0.04,0,7,6,4,1,43,16,8,14,13,0,0.0,0,0,0,0,0,0,0,0,0,73
65826,K. De Bruyne,Manchester City - West Ham United 2:0,England. Premier League,2020-02-19,RCMF3,80,143,107,1,1,2,2,0.2,108,89,3,2,9,5,3,3,22,12,2,0,3,19,2,13,8,0,0,10,7,3,1,0,0,0,1,0,0,4,7,4,4,0,3,1,11,3,0.76,0,17,13,16,9,94,35,26,7,6,0,0.0,0,0,0,0,1,1,0,0,0,154
65827,K. De Bruyne,Tottenham Hotspur - Manchester City 2:0,England. Premier League,2020-02-02,"LW, RCMF3, CF",99,82,39,0,0,4,2,0.14,48,31,4,3,10,1,6,4,13,4,1,0,3,16,1,5,5,0,0,1,0,2,0,0,0,0,0,0,0,3,9,4,7,0,1,1,2,1,0.44,0,7,6,8,2,37,10,6,10,9,0,0.0,0,0,0,0,0,0,0,0,0,59
65829,K. De Bruyne,Sheffield United - Manchester City 0:1,England. Premier League,2020-01-21,RCMF,97,92,61,0,1,2,0,0.05,66,53,7,4,3,0,5,2,15,6,2,1,3,14,4,9,5,0,0,5,2,2,1,0,0,2,1,0,0,2,6,2,2,0,1,0,3,1,0.73,0,11,10,3,1,52,20,14,9,9,0,0.0,0,0,0,0,0,0,0,0,0,92
65830,K. De Bruyne,Manchester City - Crystal Palace 2:2,England. Premier League,2020-01-18,"LAMF, RCMF3",98,100,66,0,0,6,0,0.26,66,55,7,6,8,4,4,2,21,10,1,0,6,16,2,4,3,0,0,10,6,2,0,0,0,1,0,0,0,4,8,4,1,0,2,0,3,2,0.49,0,13,10,13,8,56,20,15,3,2,0,0.0,0,0,0,0,0,0,0,0,0,102
65831,K. De Bruyne,Aston Villa - Manchester City 1:6,England. Premier League,2020-01-12,RCMF3,64,87,63,0,1,0,0,0.0,65,52,3,1,5,0,3,1,15,9,1,1,2,10,3,8,4,0,0,4,2,4,3,0,0,0,1,0,0,1,6,3,2,0,1,0,4,2,0.51,1,6,4,5,3,49,18,12,12,12,0,0.0,0,0,0,0,2,2,0,0,0,88
65833,K. De Bruyne,Manchester City - Everton 2:1,England. Premier League,2020-01-01,RCMF,97,126,91,0,0,1,0,0.0,97,81,12,6,2,1,4,2,14,4,1,1,4,14,2,8,4,0,0,3,0,3,1,0,0,1,2,0,0,1,7,2,0,0,2,2,3,1,0.14,0,22,15,5,2,79,31,19,13,13,0,0.0,0,0,0,0,0,0,0,0,0,138
65834,K. De Bruyne,Manchester City - Sheffield United 2:0,England. Premier League,2019-12-29,"AMF, LCMF",95,108,68,1,1,5,2,0.31,69,54,3,1,4,0,10,6,24,11,2,1,3,18,0,5,4,0,0,8,2,3,2,0,0,0,0,0,0,1,11,6,5,0,3,0,4,0,0.25,0,6,2,9,2,65,21,12,12,12,0,0.0,0,0,0,0,1,1,0,0,0,84
65835,K. De Bruyne,Wolverhampton Wanderers - Manchester City 3:2,England. Premier League,2019-12-27,"AMF, RCMF, RCMF3",73,51,28,0,1,1,0,0.1,22,18,0,0,0,0,3,1,22,10,1,1,2,11,4,5,2,0,0,6,3,6,3,0,0,1,1,0,0,1,9,3,2,0,3,1,1,1,0.16,0,3,3,0,0,15,6,4,5,5,0,0.0,0,0,0,0,0,0,0,0,0,31
65836,K. De Bruyne,Manchester City - Leicester City 3:1,England. Premier League,2019-12-21,AMF,94,77,43,0,1,4,2,0.25,35,30,1,1,2,2,9,5,19,7,1,0,2,10,1,4,2,59,0,6,2,2,0,1,1,2,1,1,0,5,10,5,5,0,4,2,4,3,1.25,0,7,5,4,3,31,9,8,6,5,0,0.0,0,0,0,0,0,0,0,0,0,57
65837,K. De Bruyne,Arsenal - Manchester City 0:3,England. Premier League,2019-12-15,AMF,96,91,52,2,1,5,4,0.48,49,37,2,1,3,1,4,1,17,7,0,0,2,15,4,4,2,0,0,7,4,1,0,0,0,1,3,0,0,1,9,3,3,0,7,0,4,1,0.06,0,8,6,5,2,42,15,11,8,7,0,0.0,0,0,0,0,0,0,0,0,0,66
65838,K. De Bruyne,Manchester City - Manchester United 1:2,England. Premier League,2019-12-07,"LDMF, RDMF",98,113,82,0,0,4,0,0.39,79,64,6,6,11,4,10,8,22,15,1,1,3,22,2,11,8,79,0,7,4,2,1,1,0,1,1,1,0,4,12,9,6,0,4,0,7,5,0.55,0,7,4,13,9,62,25,18,3,2,0,0.0,0,0,0,0,0,0,0,0,0,112
65839,K. De Bruyne,Burnley - Manchester City 1:4,England. Premier League,2019-12-03,RCMF3,82,83,63,0,0,3,2,0.12,61,53,2,1,6,1,4,2,11,6,2,2,3,11,4,5,4,0,0,1,0,3,2,0,0,1,1,0,0,3,5,2,0,0,3,0,1,1,0.84,0,5,5,9,5,55,14,13,12,12,0,0.0,0,0,0,0,0,0,0,0,0,91
65840,K. De Bruyne,Newcastle United - Manchester City 2:2,England. Premier League,2019-11-30,"LCMF, RDMF",96,115,75,1,0,6,2,0.66,84,65,9,6,8,1,4,1,19,6,2,1,3,18,1,6,4,0,0,5,3,4,0,0,0,1,1,0,0,5,8,2,4,0,1,0,4,2,0.56,0,19,13,12,6,74,24,19,5,5,0,0.0,0,0,0,0,1,1,0,0,0,118
65842,K. De Bruyne,Manchester City - Chelsea 2:1,England. Premier League,2019-11-23,"RCMF3, RDMF",98,83,43,1,0,3,1,0.18,52,35,3,0,8,1,14,5,20,6,0,0,2,21,4,4,4,0,0,4,1,0,0,0,0,0,1,0,0,3,16,5,7,0,2,2,0,0,0.1,0,7,3,7,1,43,13,7,7,7,0,0.0,0,0,0,0,1,1,0,0,0,55
65845,K. De Bruyne,Liverpool - Manchester City 3:1,England. Premier League,2019-11-10,AMF,96,78,37,0,0,2,0,0.02,36,24,0,0,5,1,3,2,12,6,0,0,2,15,3,4,3,0,0,4,2,3,2,0,0,2,0,0,0,4,5,2,4,0,8,0,2,1,0.4,0,7,4,5,1,31,13,9,5,5,0,0.0,0,0,0,0,0,0,0,0,0,45
65847,K. De Bruyne,Manchester City - Southampton 2:1,England. Premier League,2019-11-02,"LDMF, RCMF3, RDMF",96,109,71,0,0,4,0,0.28,74,57,10,8,12,4,8,5,19,10,4,2,2,18,0,7,5,0,0,2,1,1,0,0,0,0,1,0,0,3,12,7,4,0,4,1,2,0,0.56,1,13,12,20,12,55,29,24,4,4,0,0.0,0,0,0,0,0,0,0,0,0,121
65848,K. De Bruyne,Manchester City - Aston Villa 3:0,England. Premier League,2019-10-26,RCMF3,76,76,44,0,1,2,0,0.05,45,34,5,4,4,2,3,1,18,7,0,0,3,12,1,3,1,0,0,11,5,2,1,0,0,2,2,0,0,3,5,1,2,0,2,0,4,1,0.33,0,7,6,6,3,38,17,11,7,5,0,0.0,0,0,0,0,1,1,0,0,0,67
65850,K. De Bruyne,Crystal Palace - Manchester City 0:2,England. Premier League,2019-10-19,"AMF, RCMF3",93,87,52,0,0,1,0,0.12,54,44,4,2,5,2,3,0,18,4,1,0,1,14,2,2,2,0,0,6,2,1,1,0,0,2,1,0,0,1,10,1,7,0,1,1,1,0,0.0,0,5,5,6,4,46,13,7,10,10,0,0.0,0,0,0,0,0,0,0,0,0,74
65851,K. De Bruyne,Everton - Manchester City 1:3,England. Premier League,2019-09-28,AMF,86,65,34,0,1,2,0,0.19,35,27,4,2,5,1,3,2,18,7,1,0,3,7,1,1,1,0,0,5,2,3,2,1,0,1,0,0,0,2,9,3,3,1,1,1,2,2,0.31,0,6,4,9,6,32,12,11,2,2,0,0.0,0,0,0,0,0,0,0,0,0,55
65852,K. De Bruyne,Manchester City - Watford 8:0,England. Premier League,2019-09-21,RCMF3,96,102,69,1,2,4,1,0.34,70,59,5,3,7,4,7,4,17,9,1,0,3,10,1,2,1,0,0,4,3,1,0,0,0,1,0,0,0,7,11,6,6,0,4,1,3,1,1.5,0,10,8,6,4,63,16,12,14,14,0,0.0,0,0,0,0,0,0,0,0,0,105
65854,K. De Bruyne,Norwich City - Manchester City 3:2,England. Premier League,2019-09-14,RCMF,38,32,21,0,0,0,0,0.0,24,20,1,1,5,3,2,0,5,0,1,0,1,8,1,3,2,0,0,0,0,1,0,0,0,0,0,0,0,3,3,0,0,0,2,0,1,0,0.21,0,5,4,8,5,20,5,4,1,1,0,0.0,0,0,0,0,0,0,0,0,0,38
65857,K. De Bruyne,Manchester City - Brighton & Hove Albion 4:0,England. Premier League,2019-08-31,RCMF3,73,57,39,1,1,4,1,0.47,35,29,2,2,4,2,5,3,11,7,1,0,3,8,1,6,4,0,0,2,2,1,0,1,1,1,0,0,0,2,7,5,4,0,0,1,2,1,0.48,0,2,2,4,3,28,9,9,7,7,0,0.0,0,0,0,0,0,0,0,0,0,55
65858,K. De Bruyne,AFC Bournemouth - Manchester City 1:3,England. Premier League,2019-08-25,RCMF3,100,92,62,0,0,3,0,0.64,67,50,7,3,3,1,3,3,13,9,1,1,1,15,2,8,7,0,0,6,3,2,2,0,0,0,3,0,0,0,4,3,2,0,2,1,8,1,0.0,0,14,8,9,4,58,19,10,10,8,0,0.0,0,0,0,0,0,0,0,0,0,85
65859,K. De Bruyne,Manchester City - Tottenham Hotspur 2:2,England. Premier League,2019-08-17,"AMF, RDMF",98,91,48,0,2,4,1,0.32,51,38,2,1,13,5,7,5,17,7,1,0,2,12,1,2,2,0,0,4,2,1,0,0,0,0,0,0,0,8,11,5,2,0,1,1,1,1,1.21,0,5,4,18,12,44,14,13,4,4,0,0.0,0,0,0,0,2,2,0,0,0,80
65860,K. De Bruyne,West Ham United - Manchester City 0:5,England. Premier League,2019-08-10,RCMF,80,71,50,0,1,1,1,0.1,47,37,6,3,2,1,4,2,13,8,0,0,5,11,5,4,2,0,0,6,5,3,1,0,0,1,0,0,0,3,4,2,4,0,3,0,3,1,0.29,0,10,8,5,3,34,15,13,9,8,0,0.0,0,0,0,0,0,0,0,0,0,74
65867,K. De Bruyne,Brighton & Hove Albion - Manchester City 1:4,England. Premier League,2019-05-12,RCMF3,15,16,12,0,0,1,1,0.04,8,7,0,0,0,0,0,0,4,4,0,0,0,1,1,2,2,0,0,1,1,1,1,0,0,0,0,0,0,0,2,2,0,0,0,1,0,0,0.0,0,0,0,2,2,6,2,1,2,2,0,0.0,0,0,0,0,0,0,0,0,0,12
65868,K. De Bruyne,Manchester City - Tottenham Hotspur 1:0,England. Premier League,2019-04-20,RCMF3,37,36,22,0,0,2,0,0.06,23,18,1,1,2,0,2,1,7,4,0,0,0,3,0,2,2,0,0,4,2,0,0,0,0,0,0,0,0,0,3,2,1,0,1,1,0,0,0.0,0,1,0,2,1,22,6,3,5,5,0,0.0,0,0,0,0,2,2,0,0,0,30
65870,K. De Bruyne,Crystal Palace - Manchester City 1:3,England. Premier League,2019-04-14,RCMF3,95,108,78,0,2,3,0,0.44,71,63,6,4,3,1,5,1,24,12,4,2,1,10,2,8,6,0,0,9,7,3,2,0,0,0,1,0,0,4,8,1,2,0,2,0,1,1,0.4,0,11,9,10,9,57,19,17,12,10,0,0.0,0,0,0,0,3,3,0,0,0,117
65873,K. De Bruyne,Manchester City - Cardiff City 2:0,England. Premier League,2019-04-03,RCMF3,94,84,59,1,0,2,1,0.07,56,46,2,1,7,2,9,4,14,7,0,0,3,16,2,7,5,0,0,2,2,1,1,0,0,0,0,0,0,4,11,4,5,0,6,1,3,1,0.81,0,5,3,8,4,44,13,9,12,12,0,0.0,0,0,0,0,1,1,0,0,0,79
65874,K. De Bruyne,Fulham - Manchester City 0:2,England. Premier League,2019-03-30,RCMF3,75,78,53,0,0,4,1,0.22,48,41,1,1,3,0,3,2,16,9,1,0,4,6,1,7,5,0,0,7,4,3,2,0,0,0,0,0,0,2,5,3,3,0,2,0,2,0,0.02,0,3,2,4,2,34,14,11,9,9,0,0.0,0,0,0,0,1,1,0,0,0,67
65875,K. De Bruyne,AFC Bournemouth - Manchester City 0:1,England. Premier League,2019-03-02,RCMF3,46,52,35,0,0,1,0,0.03,39,31,3,1,5,1,2,0,6,3,0,0,2,7,2,3,2,0,0,2,2,1,1,0,0,0,0,0,0,4,3,0,1,0,2,0,3,1,0.32,0,4,2,5,3,36,14,10,7,6,0,0.0,0,0,0,0,0,0,0,0,0,55
65876,K. De Bruyne,Manchester City - West Ham United 1:0,England. Premier League,2019-02-27,"LCMF3, RCMF3",95,100,59,0,0,3,1,0.29,74,50,4,2,7,2,1,1,10,5,1,0,2,21,1,7,5,0,0,2,1,1,0,0,0,0,0,0,0,4,6,4,4,1,2,2,5,1,0.97,0,8,7,11,6,60,22,13,14,10,0,0.0,0,0,0,0,1,1,0,0,0,92
65879,K. De Bruyne,Manchester City - Chelsea 6:0,England. Premier League,2019-02-10,RCMF3,69,54,31,0,0,2,1,0.11,24,18,2,1,2,1,4,3,16,9,1,0,2,8,5,3,1,0,0,4,3,1,1,0,0,0,0,0,0,1,10,5,2,0,1,4,1,0,0.15,0,3,2,2,1,20,7,6,3,3,0,0.0,0,0,0,0,0,0,0,0,0,32
65880,K. De Bruyne,Everton - Manchester City 0:2,England. Premier League,2019-02-06,LCMF3,10,9,6,0,0,0,0,0.0,2,2,0,0,0,0,1,1,3,2,0,0,2,2,1,0,0,0,0,0,0,0,0,0,0,0,0,0,0,1,3,2,0,0,1,1,1,1,0.22,0,0,0,1,1,1,2,2,0,0,0,0.0,0,0,0,0,0,0,0,0,0,6
65881,K. De Bruyne,Manchester City - Arsenal 3:1,England. Premier League,2019-02-03,RCMF3,89,77,43,0,0,5,3,0.67,41,32,2,1,5,2,2,2,19,7,1,0,0,12,3,2,2,0,0,6,1,6,2,0,0,0,4,0,0,1,6,4,8,0,0,0,5,1,0.09,0,4,2,5,4,39,11,8,9,8,0,0.0,0,0,0,0,0,0,0,0,0,58
65882,K. De Bruyne,Newcastle United - Manchester City 2:1,England. Premier League,2019-01-29,RCMF3,66,77,49,0,0,0,0,0.0,50,38,5,2,1,0,3,3,19,11,2,2,5,11,1,10,5,17,0,8,6,4,0,0,0,0,1,1,0,2,5,3,1,0,2,1,3,0,0.23,0,5,1,6,2,34,9,4,10,9,0,0.0,0,0,0,0,2,2,0,0,0,58
65885,K. De Bruyne,Huddersfield Town - Manchester City 0:3,England. Premier League,2019-01-20,"RCMF3, RDMF",96,85,58,0,0,1,0,0.08,61,52,5,3,2,2,2,0,12,4,3,1,3,10,2,1,0,0,0,2,1,1,0,0,0,1,0,0,0,4,6,2,1,0,0,2,3,0,0.48,1,12,10,6,4,54,22,17,8,6,0,0.0,0,0,0,0,2,2,0,0,0,96
65886,K. De Bruyne,Manchester City - Wolverhampton Wanderers 3:0,England. Premier League,2019-01-14,RCMF3,32,57,38,0,0,2,1,0.18,44,34,2,1,7,2,2,1,7,3,1,0,0,11,1,2,2,0,0,3,2,0,0,0,0,0,1,0,0,2,3,1,4,0,0,0,4,1,0.09,0,4,4,11,6,39,9,7,5,4,0,0.0,0,0,0,0,0,0,0,0,0,59
65889,K. De Bruyne,Leicester City - Manchester City 2:1,England. Premier League,2018-12-26,RCMF3,70,62,36,0,0,1,1,0.02,41,29,5,4,10,1,3,2,15,5,2,0,0,8,0,2,1,0,0,4,3,3,0,0,0,0,0,0,0,1,6,2,2,0,2,0,4,3,0.01,0,6,5,12,5,35,15,13,6,6,0,0.0,0,0,0,0,0,0,0,0,0,66
65890,K. De Bruyne,Manchester City - Crystal Palace 2:3,England. Premier League,2018-12-22,"LCB3, RCMF3",33,63,51,1,0,1,1,0.1,54,44,10,7,5,2,1,0,6,5,0,0,0,9,0,5,5,0,0,3,3,0,0,0,0,0,0,0,0,1,3,2,0,0,3,1,2,1,0.07,0,12,9,14,8,44,22,18,4,3,0,0.0,0,0,0,0,1,1,0,0,0,93
65892,K. De Bruyne,Manchester City - Everton 3:1,England. Premier League,2018-12-15,RCMF3,20,32,20,0,0,0,0,0.0,25,19,3,1,2,0,0,0,3,1,0,0,0,1,0,1,1,0,0,3,1,0,0,0,0,0,1,0,0,0,0,0,1,0,0,0,4,0,0.0,0,2,0,3,0,23,5,1,7,7,0,0.0,0,0,0,0,0,0,0,0,0,28
65894,K. De Bruyne,Tottenham Hotspur - Manchester City 0:1,England. Premier League,2018-10-29,LDMF,24,34,20,0,0,0,0,0.0,19,15,1,1,0,0,4,1,10,2,0,0,1,4,1,2,1,0,0,2,1,0,0,0,0,0,0,0,0,0,8,1,0,0,2,0,1,0,0.0,0,4,3,1,0,15,8,5,3,3,0,0.0,0,0,0,0,0,0,0,0,0,27
65896,K. De Bruyne,Manchester City - Burnley 5:0,England. Premier League,2018-10-20,RCMF3,35,35,25,0,0,1,0,0.0,29,24,2,1,1,0,0,0,3,1,1,1,0,3,0,2,2,0,0,0,0,1,0,0,0,0,0,0,0,1,1,0,0,0,1,0,2,2,0.25,0,6,5,5,4,23,9,7,7,6,0,0.0,0,0,0,0,1,1,0,0,0,50
65897,K. De Bruyne,Arsenal - Manchester City 0:2,England. Premier League,2018-08-12,AMF,35,38,28,0,0,1,1,0.04,26,24,2,2,0,0,1,1,6,3,0,0,0,2,0,1,1,73,0,1,1,2,0,1,1,0,2,1,0,1,3,2,0,0,0,1,1,0,0.02,0,2,2,0,0,20,4,2,5,5,0,0.0,0,0,0,0,0,0,0,0,0,35
65907,K. De Bruyne,Southampton - Manchester City 0:1,England. Premier League,2018-05-13,RCMF3,95,94,52,0,1,2,0,0.06,61,43,8,6,7,2,6,0,21,7,1,0,3,16,2,5,5,0,0,4,2,5,4,0,0,0,0,0,0,3,11,1,3,0,4,1,6,1,0.33,0,9,6,11,4,44,15,9,9,8,0,0.0,0,0,0,0,0,0,0,0,0,79
65908,K. De Bruyne,Manchester City - Huddersfield Town 0:0,England. Premier League,2018-05-06,"LCMF3, RCMF3",68,88,58,0,0,2,1,0.13,68,51,7,2,6,1,6,4,16,6,2,0,2,11,2,0,0,0,0,2,1,3,1,1,1,0,0,0,0,0,9,4,3,0,1,0,3,0,0.0,0,13,8,8,1,59,21,13,9,8,0,0.0,0,0,0,0,0,0,0,0,0,84
65909,K. De Bruyne,West Ham United - Manchester City 1:4,England. Premier League,2018-04-29,"LCMF3, RCMF3",97,150,113,0,0,5,2,0.22,120,101,4,1,4,0,5,2,17,8,0,0,4,15,2,6,4,0,0,6,4,2,0,0,0,1,1,0,0,1,9,4,2,0,4,1,4,0,0.06,0,14,12,9,5,104,31,19,25,25,0,0.0,0,0,0,0,0,0,0,0,0,163
65910,K. De Bruyne,Manchester City - Swansea City 5:0,England. Premier League,2018-04-22,RCMF3,66,74,54,1,0,4,2,0.16,52,43,4,2,6,0,6,4,15,8,0,0,0,11,0,3,2,0,0,2,2,2,0,0,0,0,0,0,0,1,11,6,2,0,1,1,3,2,0.12,1,6,5,8,5,46,14,12,4,4,0,0.0,0,0,0,0,0,0,0,0,0,73
65911,K. De Bruyne,Tottenham Hotspur - Manchester City 1:3,England. Premier League,2018-04-14,"LW, RCMF3",91,76,45,0,0,2,0,0.11,43,31,8,4,3,1,6,4,26,12,3,0,1,12,7,6,3,41,0,6,3,4,1,2,1,0,2,1,0,1,13,8,1,0,2,2,2,0,0.23,0,9,5,4,2,27,14,9,11,10,0,0.0,0,0,0,0,0,0,0,0,0,62
65913,K. De Bruyne,Manchester City - Manchester United 2:3,England. Premier League,2018-04-07,RCMF,25,25,19,0,0,0,0,0.0,18,14,3,1,3,2,1,1,6,5,0,0,0,5,0,2,1,0,0,3,2,2,2,0,0,0,1,0,0,1,1,1,1,0,1,0,0,0,0.01,0,4,3,3,2,15,3,2,2,2,0,0.0,0,0,0,0,0,0,0,0,0,26
65915,K. De Bruyne,Everton - Manchester City 1:3,England. Premier League,2018-03-31,RCMF3,78,150,129,0,1,1,0,0.07,133,122,7,2,4,1,3,1,11,7,0,0,2,5,1,3,2,0,0,6,5,0,0,0,0,1,1,0,0,2,5,2,3,1,1,1,3,0,0.33,0,23,20,3,1,125,24,20,21,21,0,0.0,0,0,0,0,3,3,0,0,0,190
65917,K. De Bruyne,Stoke City - Manchester City 0:2,England. Premier League,2018-03-12,RCMF3,96,118,88,0,0,1,0,0.02,90,74,4,4,9,5,5,3,19,8,0,0,0,12,2,4,2,0,0,5,5,3,0,0,0,0,0,0,0,4,11,3,4,0,3,0,3,3,0.35,0,8,7,7,6,69,22,16,15,15,0,0.0,0,0,0,0,0,0,0,0,0,130
65918,K. De Bruyne,Manchester City - Chelsea 1:0,England. Premier League,2018-03-04,RCMF3,96,107,76,0,0,1,0,0.05,73,62,3,3,5,1,5,4,18,8,0,0,3,12,2,4,4,0,0,6,1,2,1,0,0,0,3,0,0,3,10,6,1,0,6,1,3,1,0.2,0,10,9,7,4,59,21,17,14,9,0,0.0,0,0,0,0,0,0,0,0,0,106
65919,K. De Bruyne,Arsenal - Manchester City 0:3,England. Premier League,2018-03-01,RCMF3,94,95,60,0,0,1,0,0.08,61,48,5,1,2,1,5,3,24,11,0,0,7,16,8,6,2,0,0,7,6,4,0,0,0,0,0,0,0,2,13,5,2,0,1,1,2,2,0.58,1,9,5,4,3,47,15,10,13,13,0,0.0,0,0,0,0,0,0,0,0,0,83
65923,K. De Bruyne,Manchester City - Leicester City 5:1,England. Premier League,2018-02-10,"DMF, RCMF3",94,115,76,0,3,2,1,0.05,78,64,5,3,8,2,8,4,22,7,0,0,1,14,1,5,3,0,0,5,1,4,1,0,0,0,3,0,0,5,13,5,4,0,3,2,3,2,1.42,0,11,7,10,6,60,21,19,15,14,0,0.0,0,0,0,0,0,0,0,0,0,117
65924,K. De Bruyne,Burnley - Manchester City 1:1,England. Premier League,2018-02-03,"LCMF3, RCMF3",97,101,70,0,0,3,1,0.07,77,62,8,5,5,0,3,3,11,5,0,0,1,11,0,3,2,0,0,0,0,3,1,0,0,0,0,0,0,3,8,4,3,0,3,1,2,1,0.17,1,9,6,11,7,64,22,20,22,19,0,0.0,0,0,0,0,0,0,0,0,0,120
65925,K. De Bruyne,Manchester City - West Bromwich Albion 3:0,England. Premier League,2018-01-31,RCMF3,80,92,68,1,1,7,5,0.58,62,54,2,1,1,0,2,1,10,6,1,1,3,9,0,8,5,0,0,3,1,3,2,0,0,0,1,0,0,1,3,2,4,0,1,2,3,1,0.08,1,10,10,8,5,54,23,19,16,14,0,0.0,0,0,0,0,1,1,0,0,0,105
65928,K. De Bruyne,Manchester City - Newcastle United 3:1,England. Premier League,2018-01-20,RCMF3,94,114,76,0,1,4,2,0.2,80,64,9,6,6,2,4,2,21,7,0,0,2,24,3,7,4,0,0,2,1,9,3,0,0,0,1,0,0,3,10,3,2,0,2,2,3,0,0.14,0,13,8,8,3,64,24,17,11,10,0,0.0,0,0,0,0,1,1,0,0,0,111
65929,K. De Bruyne,Liverpool - Manchester City 4:3,England. Premier League,2018-01-14,RCMF3,97,93,53,0,0,1,1,0.01,52,36,7,3,7,3,5,4,29,14,1,0,3,16,4,7,4,0,0,7,4,4,3,0,0,1,1,0,0,0,17,7,1,1,4,1,3,0,0.0,0,11,9,10,5,31,16,10,4,4,0,0.0,0,0,0,0,0,0,0,0,0,70
65932,K. De Bruyne,Manchester City - Watford 3:1,England. Premier League,2018-01-02,RCMF3,80,85,62,0,0,4,0,0.11,61,51,0,0,8,4,2,1,14,7,1,0,3,13,2,7,6,0,0,6,5,1,1,0,0,0,0,0,0,5,6,1,3,0,5,0,4,0,0.9,0,2,2,12,10,55,12,9,10,8,0,0.0,0,0,0,0,1,1,0,0,0,85
65933,K. De Bruyne,Crystal Palace - Manchester City 0:0,England. Premier League,2017-12-31,"LCMF3, RCMF3",104,88,58,0,0,5,1,0.28,59,46,3,3,6,2,2,1,14,6,0,0,3,18,6,2,2,0,0,2,1,3,2,0,0,1,0,0,0,2,9,3,4,0,4,2,2,1,0.2,0,6,6,10,5,51,20,16,5,5,0,0.0,0,0,0,0,0,0,0,0,0,84
65934,K. De Bruyne,Newcastle United - Manchester City 0:1,England. Premier League,2017-12-27,"LCMF3, RCMF, RCMF3",94,120,82,0,1,4,0,0.27,85,68,6,4,6,2,1,1,17,10,1,1,4,17,4,8,1,0,0,6,4,7,3,0,0,1,0,0,0,6,3,2,4,0,4,0,9,3,0.55,0,20,13,9,4,72,26,18,10,9,0,0.0,0,0,0,0,0,0,0,0,0,121
65935,K. De Bruyne,Manchester City - AFC Bournemouth 4:0,England. Premier League,2017-12-23,RCMF3,75,61,45,0,0,2,0,0.03,48,40,5,3,2,0,1,1,10,5,1,0,1,11,1,4,2,0,0,2,2,4,1,0,0,0,0,0,0,0,3,2,1,0,0,0,4,2,0.0,0,4,4,4,2,42,14,10,9,9,0,0.0,0,0,0,0,0,0,0,0,0,70
65936,K. De Bruyne,Manchester City - Tottenham Hotspur 4:1,England. Premier League,2017-12-16,RCMF,95,93,57,1,0,2,2,0.05,45,35,6,3,2,1,6,5,29,15,0,0,7,16,3,7,3,0,0,12,5,5,2,0,0,0,3,0,0,4,12,8,2,0,3,3,4,2,0.33,0,18,14,9,6,28,23,17,2,2,0,0.0,0,0,0,0,0,0,0,0,0,80
65937,K. De Bruyne,Swansea City - Manchester City 0:4,England. Premier League,2017-12-13,"RCMF3, RWF",78,96,65,1,0,3,2,0.17,70,54,2,0,3,0,6,3,14,6,0,0,0,14,2,3,1,0,0,2,1,4,1,0,0,0,0,0,0,2,8,4,2,0,2,0,2,0,0.37,0,12,9,7,3,60,24,17,9,8,0,0.0,0,0,0,0,0,0,0,0,0,91
65938,K. De Bruyne,Manchester United - Manchester City 1:2,England. Premier League,2017-12-10,RCMF3,99,109,81,0,0,2,1,0.11,75,61,5,3,1,0,4,3,23,13,1,1,6,11,2,8,3,0,0,8,5,8,4,1,0,0,0,0,0,2,6,3,1,0,5,0,1,1,0.94,0,15,12,4,4,57,25,21,9,8,0,0.0,0,0,0,0,0,0,0,0,0,110
65939,K. De Bruyne,Manchester City - West Ham United 2:1,England. Premier League,2017-12-03,"LCMF, RCMF3, RDMF",99,133,102,0,1,3,2,0.28,106,93,12,9,3,0,2,0,18,6,1,1,5,15,1,6,4,59,0,8,4,3,0,0,0,0,1,1,0,2,6,1,0,0,3,1,3,2,0.36,0,15,15,12,7,82,32,27,12,11,0,0.0,0,0,0,0,2,2,0,0,0,166
65940,K. De Bruyne,Manchester City - Southampton 2:1,England. Premier League,2017-11-29,"LCMF3, RCMF3, RW",99,129,80,1,1,5,3,0.34,90,64,6,2,9,1,5,2,24,10,2,1,2,20,3,6,4,0,0,2,1,9,4,1,1,0,0,0,0,5,11,4,3,0,6,0,5,1,0.33,0,11,9,10,4,71,31,17,8,7,0,0.0,0,0,0,0,0,0,0,0,0,105
65941,K. De Bruyne,Huddersfield Town - Manchester City 1:2,England. Premier League,2017-11-26,"LCMF3, RCMF3",96,95,59,0,0,0,0,0.0,68,52,4,2,3,0,4,2,18,6,2,0,2,21,2,3,2,0,0,6,3,2,1,0,0,0,3,0,0,2,8,2,0,0,3,1,4,2,0.49,0,8,5,9,5,58,19,12,12,12,0,0.0,0,0,0,0,0,0,0,0,0,90
65943,K. De Bruyne,Leicester City - Manchester City 0:2,England. Premier League,2017-11-18,RCMF3,91,119,87,1,0,3,2,0.09,92,78,4,4,2,0,3,1,10,1,0,0,3,13,1,4,3,0,0,1,0,3,0,1,0,1,1,0,0,1,6,1,2,0,6,1,3,1,0.05,0,10,8,7,6,75,21,16,18,17,0,0.0,0,0,0,0,1,1,0,0,0,131
65946,K. De Bruyne,Manchester City - Arsenal 3:1,England. Premier League,2017-11-05,"LW, RCMF3, RW",96,99,59,1,0,2,2,0.17,57,40,6,2,2,0,6,3,27,11,2,1,5,19,3,6,3,0,0,8,4,9,1,0,0,2,4,0,0,1,8,5,4,0,9,1,5,1,0.06,0,11,7,4,1,44,23,15,5,5,0,0.0,0,0,0,0,0,0,0,0,0,71
65948,K. De Bruyne,West Bromwich Albion - Manchester City 2:3,England. Premier League,2017-10-28,RCMF3,96,158,126,0,0,4,0,0.37,129,114,8,4,2,1,2,0,19,8,2,2,2,19,4,6,3,0,0,3,2,5,3,0,0,0,0,0,0,0,9,1,2,0,1,0,5,2,0.0,0,16,12,6,3,118,35,27,24,24,0,0.0,0,0,0,0,2,2,0,0,0,189
65950,K. De Bruyne,Manchester City - Burnley 3:0,England. Premier League,2017-10-21,RCMF3,84,84,67,0,1,2,2,0.25,68,58,5,3,3,0,4,3,13,7,1,1,1,11,3,5,5,0,0,1,1,3,0,0,0,0,1,0,0,3,8,5,2,0,2,0,2,2,0.19,0,13,12,7,6,56,20,17,14,14,0,0.0,0,0,0,0,0,0,0,0,0,112
65952,K. De Bruyne,Manchester City - Stoke City 7:2,England. Premier League,2017-10-14,RCMF3,67,70,50,0,2,2,2,0.43,52,43,5,3,4,1,2,1,11,3,1,0,2,6,1,4,3,0,0,3,1,2,0,0,0,0,1,0,0,3,5,2,1,0,0,0,2,2,0.5,2,4,3,7,5,42,13,10,11,10,0,0.0,0,0,0,0,0,0,0,0,0,77
65955,K. De Bruyne,Chelsea - Manchester City 0:1,England. Premier League,2017-09-30,RCMF,95,92,57,1,0,2,2,0.2,60,49,1,0,6,2,1,1,13,5,1,1,7,9,1,4,1,0,0,5,1,3,0,1,0,3,2,0,0,6,4,3,1,0,3,0,2,1,0.45,1,15,11,9,4,53,19,13,8,8,0,0.0,0,0,0,0,1,1,0,0,0,89
65957,K. De Bruyne,Manchester City - Crystal Palace 5:0,England. Premier League,2017-09-23,RCMF3,95,114,88,0,0,0,0,0.0,92,77,10,8,6,1,4,2,19,8,0,0,1,17,1,9,8,0,0,5,3,3,3,1,1,0,0,0,0,2,11,2,1,0,2,1,5,3,0.1,2,21,18,12,8,77,28,22,14,14,0,0.0,0,0,0,0,0,0,0,0,0,151
65958,K. De Bruyne,Watford - Manchester City 0:6,England. Premier League,2017-09-16,RCMF3,68,79,58,0,1,3,1,0.07,58,50,2,2,3,1,2,1,13,7,1,1,6,12,3,4,0,0,0,5,3,2,0,0,0,1,0,0,0,5,5,3,4,0,1,2,2,1,0.49,1,7,7,5,4,52,16,14,9,9,0,0.0,0,0,0,0,0,0,0,0,0,88
65960,K. De Bruyne,Manchester City - Liverpool 5:0,England. Premier League,2017-09-09,"LCMF3, RAMF, RCMF3",101,78,56,0,2,2,1,0.1,55,44,4,2,5,2,5,3,15,8,0,0,1,14,2,4,3,0,0,7,4,1,0,1,1,0,0,0,0,3,7,4,2,0,2,3,5,2,0.91,0,4,4,7,5,49,17,13,16,16,0,0.0,0,0,0,0,0,0,0,0,0,88
65963,K. De Bruyne,AFC Bournemouth - Manchester City 1:2,England. Premier League,2017-08-26,LCMF3,102,119,94,0,0,0,0,0.0,93,83,7,4,5,4,2,1,16,6,3,1,3,10,0,10,7,0,0,4,1,4,2,0,0,0,1,0,0,3,5,2,2,0,5,0,3,0,0.22,0,20,18,8,6,69,32,26,10,10,0,0.0,0,0,0,0,0,0,0,0,0,151
65964,K. De Bruyne,Manchester City - Everton 1:1,England. Premier League,2017-08-21,"DMF, LCMF, LCMF3",96,90,58,0,0,3,1,0.3,61,50,7,4,1,0,3,1,16,4,1,0,3,14,3,6,3,0,0,4,2,2,1,0,0,0,0,0,0,3,9,1,0,0,2,0,3,1,0.16,0,6,4,7,5,47,19,14,9,9,0,0.0,0,0,0,0,0,0,0,0,0,87
65965,K. De Bruyne,Brighton & Hove Albion - Manchester City 0:2,England. Premier League,2017-08-12,RCMF3,96,112,84,0,0,4,1,0.11,77,65,6,5,4,1,5,4,19,13,1,1,3,16,4,5,2,0,0,4,3,4,2,0,0,0,0,0,0,0,10,7,0,0,4,0,6,3,0.0,1,10,8,10,5,66,25,18,11,11,0,0.0,0,0,0,0,1,1,0,0,0,117
65972,K. De Bruyne,Watford - Manchester City 0:5,England. Premier League,2017-05-21,RCMF3,93,89,63,0,2,2,0,0.02,60,51,2,0,0,0,5,3,16,10,0,0,2,9,2,3,3,0,0,7,6,0,0,0,0,1,0,0,0,2,9,4,1,0,5,0,7,2,0.42,0,8,6,4,3,45,10,8,16,13,0,0.0,0,0,0,0,0,0,0,0,0,83
65973,K. De Bruyne,Manchester City - West Bromwich Albion 3:1,England. Premier League,2017-05-16,"LCMF3, RCMF3",96,99,66,1,1,2,2,0.11,58,51,2,2,4,2,4,2,20,8,2,1,1,5,1,5,2,0,0,7,5,3,0,0,0,0,1,0,0,3,8,2,2,0,2,0,2,1,0.86,0,6,6,4,4,46,13,11,11,11,0,0.0,0,0,0,0,2,2,0,0,0,90
65974,K. De Bruyne,Manchester City - Leicester City 2:1,England. Premier League,2017-05-13,RCMF3,84,88,60,0,0,2,0,0.08,53,45,1,1,2,1,2,1,19,9,0,0,1,8,1,6,3,0,0,11,6,4,2,1,0,0,3,0,0,0,4,1,0,0,3,2,3,0,0.0,0,8,8,5,4,35,20,16,15,12,0,0.0,0,0,0,0,0,0,0,0,0,87
65975,K. De Bruyne,Manchester City - Crystal Palace 5:0,England. Premier League,2017-05-06,"LCMF, RCMF",94,101,72,1,2,4,1,0.66,66,59,3,2,3,1,6,2,17,8,1,1,4,11,4,6,4,0,0,2,1,2,0,0,0,1,1,0,0,5,12,6,4,0,3,2,3,2,0.48,0,12,11,6,5,53,24,22,10,9,0,0.0,0,0,0,0,0,0,0,0,0,111
65976,K. De Bruyne,Middlesbrough - Manchester City 2:2,England. Premier League,2017-04-30,"AMF, RCMF",96,96,62,0,0,2,1,0.13,58,46,5,4,6,1,12,8,30,13,2,0,1,17,5,3,1,0,0,8,3,2,1,0,0,0,1,0,0,2,18,9,3,0,7,2,4,2,0.11,0,9,8,12,7,41,18,13,9,7,0,0.0,0,0,0,0,0,0,0,0,0,88
65977,K. De Bruyne,Manchester City - Manchester United 0:0,England. Premier League,2017-04-27,"AMF, LW",98,83,56,0,0,3,1,0.03,61,47,1,0,5,2,2,1,15,8,0,0,2,13,2,5,4,0,0,4,4,5,2,0,0,0,0,0,0,3,6,2,0,0,2,0,1,0,0.73,0,8,5,7,3,50,28,23,10,7,0,0.0,0,0,0,0,0,0,0,0,0,87
65979,K. De Bruyne,Southampton - Manchester City 0:3,England. Premier League,2017-04-15,RAMF,96,69,45,0,2,2,0,0.06,45,37,0,0,8,4,1,0,16,7,0,0,3,9,2,8,3,0,0,11,6,2,1,0,0,0,1,0,0,4,3,0,6,0,0,0,1,0,1.07,0,3,3,10,8,36,11,9,7,5,0,0.0,0,0,0,0,0,0,0,0,0,66
65980,K. De Bruyne,Chelsea - Manchester City 2:1,England. Premier League,2017-04-05,RAMF,80,58,40,0,0,1,0,0.02,39,32,1,1,3,1,5,2,14,4,1,0,1,5,0,4,2,0,0,2,0,3,1,0,0,0,0,0,0,1,8,3,1,0,2,0,0,0,0.03,0,4,4,3,2,29,11,11,7,6,0,0.0,0,0,0,0,0,0,0,0,0,57
65981,K. De Bruyne,Arsenal - Manchester City 2:2,England. Premier League,2017-04-02,"LCMF, LDMF, RAMF",95,70,39,0,1,2,0,0.06,47,31,7,2,8,1,1,0,15,6,1,0,4,16,2,7,2,0,0,5,2,3,2,0,0,0,1,0,0,2,6,2,2,0,3,1,2,1,0.14,1,10,5,11,5,31,17,11,8,8,0,0.0,0,0,0,0,1,1,0,0,0,65
65982,K. De Bruyne,Manchester City - Liverpool 1:1,England. Premier League,2017-03-19,"LCMF, RAMF",96,108,69,0,1,1,0,0.28,75,57,10,3,6,3,4,2,22,12,2,0,2,14,2,8,4,0,0,5,4,5,3,0,0,0,1,0,0,3,10,5,2,1,2,1,7,2,0.52,0,16,7,11,8,58,23,15,10,9,0,0.0,0,0,0,0,2,2,0,0,0,106
65985,K. De Bruyne,Manchester City - Stoke City 0:0,England. Premier League,2017-03-08,"LCMF3, RAMF",95,94,53,0,0,0,0,0.0,62,44,3,2,9,5,3,0,23,8,3,1,3,24,2,5,3,0,0,7,3,4,2,1,1,0,1,0,0,2,9,2,2,0,0,1,3,0,0.46,0,13,8,8,6,47,20,10,7,7,0,0.0,0,0,0,0,1,1,0,0,0,83
65986,K. De Bruyne,Sunderland - Manchester City 0:2,England. Premier League,2017-03-05,0,16,25,18,0,0,1,0,0.09,21,17,2,0,3,0,0,0,2,1,0,0,0,3,1,0,0,0,0,2,1,0,0,0,0,0,0,0,0,1,0,0,1,0,0,0,0,0,0.17,0,5,5,5,4,21,10,8,5,4,0,0.0,0,0,0,0,0,0,0,0,0,38
65990,K. De Bruyne,AFC Bournemouth - Manchester City 0:2,England. Premier League,2017-02-13,"LCMF, RCMF",98,101,79,0,0,2,0,0.2,76,70,2,2,3,2,2,1,17,7,0,0,4,10,4,8,2,0,0,8,5,1,0,0,0,0,0,0,0,1,8,2,3,0,2,1,5,2,0.08,0,16,15,4,3,61,25,22,12,12,0,0.0,0,0,0,0,1,1,0,0,0,129
65991,K. De Bruyne,Manchester City - Swansea City 2:1,England. Premier League,2017-02-05,RCMF,80,72,45,0,0,2,0,0.13,42,36,4,3,2,2,3,1,21,8,1,0,1,10,3,9,7,42,0,5,2,8,5,0,0,0,1,1,0,1,7,1,2,0,0,0,1,0,0.07,0,3,2,6,5,30,9,5,10,10,0,0.0,0,0,0,0,0,0,0,0,0,63
65992,K. De Bruyne,West Ham United - Manchester City 0:4,England. Premier League,2017-02-01,RCMF,70,67,50,1,0,1,1,0.33,50,43,7,3,0,0,0,0,10,4,4,1,2,11,2,4,4,44,0,2,1,2,1,1,1,0,1,1,0,1,2,1,2,0,2,0,2,0,0.01,1,9,5,5,4,38,18,12,9,9,0,0.0,0,0,0,0,0,0,0,0,0,76
65993,K. De Bruyne,Manchester City - Tottenham Hotspur 2:2,England. Premier League,2017-01-21,RCMF,97,84,52,1,1,3,1,0.7,53,40,8,4,7,5,4,2,20,9,2,0,5,20,4,9,7,0,0,9,6,2,1,1,0,0,1,0,0,4,7,2,6,0,0,0,9,5,0.42,0,12,7,6,4,37,24,15,9,9,0,0.0,0,0,0,0,0,0,0,0,0,89
65994,K. De Bruyne,Everton - Manchester City 4:0,England. Premier League,2017-01-15,"LCMF3, RCMF3",98,123,89,0,0,2,0,0.08,90,78,5,4,5,3,5,3,24,8,0,0,1,13,2,3,1,0,0,6,2,4,1,0,0,0,1,0,0,2,14,5,2,0,2,0,3,1,0.16,0,22,19,9,3,71,27,22,10,10,0,0.0,0,0,0,0,0,0,0,0,0,140
65996,K. De Bruyne,Manchester City - Burnley 2:1,England. Premier League,2017-01-02,"AMF, LCMF, RCMF3",98,76,44,0,0,3,0,0.07,41,32,3,3,4,2,8,2,25,10,4,1,2,17,6,2,1,0,0,4,2,6,3,0,0,1,1,0,0,2,11,4,1,0,1,2,1,0,0.05,0,6,4,6,5,28,16,11,6,4,0,0.0,0,0,0,0,0,0,0,0,0,61
65997,K. De Bruyne,Liverpool - Manchester City 1:0,England. Premier League,2016-12-31,"AMF, LAMF",96,61,35,0,0,1,0,0.04,28,17,1,0,3,0,7,4,25,15,3,0,2,14,2,6,6,0,0,6,6,5,2,0,0,0,0,0,0,1,11,7,2,0,1,1,2,0,0.02,0,7,2,3,1,18,8,6,4,3,0,0.0,0,0,0,0,0,0,0,0,0,29
65998,K. De Bruyne,Hull City - Manchester City 0:3,England. Premier League,2016-12-26,"CF, LAMF",96,104,70,0,0,3,0,0.17,67,56,1,1,5,2,8,2,23,11,0,0,2,10,2,6,3,0,0,4,3,7,4,0,0,0,1,0,0,3,12,4,4,0,3,2,2,1,0.43,1,7,4,4,3,54,17,14,17,16,0,0.0,0,0,0,0,0,0,0,0,0,97
65999,K. De Bruyne,Manchester City - Arsenal 2:1,England. Premier League,2016-12-18,"CF, LW",84,91,50,0,1,3,1,0.54,53,40,2,2,7,2,4,1,25,8,2,0,4,14,2,5,4,80,0,8,2,7,4,1,0,0,2,1,0,5,8,2,2,1,1,1,3,1,0.48,0,11,9,11,5,37,19,15,8,8,0,0.0,0,0,0,0,0,0,0,0,0,82
66000,K. De Bruyne,Manchester City - Watford 2:0,England. Premier League,2016-12-14,AMF,92,100,49,0,1,3,2,0.12,47,30,1,1,7,1,3,2,32,14,3,0,1,17,3,5,2,0,0,9,4,10,4,0,0,0,4,0,0,2,10,6,7,2,1,5,0,0,0.52,0,4,4,10,5,35,16,13,11,8,0,0.0,0,0,0,0,0,0,0,0,0,62
66001,K. De Bruyne,Leicester City - Manchester City 4:2,England. Premier League,2016-12-10,"LCMF, LW, RW",97,84,60,0,0,4,1,0.3,65,49,3,1,13,2,6,4,10,6,0,0,1,10,2,4,1,0,0,2,1,1,1,0,0,0,0,0,0,0,7,4,5,0,1,1,1,0,0.0,1,11,7,6,1,50,18,13,9,9,0,0.0,0,0,0,0,0,0,0,0,0,82
66002,K. De Bruyne,Manchester City - Chelsea 1:3,England. Premier League,2016-12-03,"RAMF, RWF",100,104,61,0,0,2,1,0.38,63,45,6,3,10,2,7,5,26,15,2,0,5,26,4,7,5,0,0,4,3,9,4,1,1,0,4,0,0,4,11,8,3,0,1,2,4,2,0.52,0,20,14,12,4,51,24,19,3,3,0,0.0,0,0,0,0,0,0,0,0,0,92
66003,K. De Bruyne,Burnley - Manchester City 1:2,England. Premier League,2016-11-26,LAMF,17,17,12,0,0,0,0,0.0,12,10,2,2,0,0,0,0,4,2,0,0,0,3,1,1,1,0,0,2,1,1,1,0,0,0,1,0,0,0,1,0,0,0,0,0,0,0,0.0,0,3,3,0,0,9,6,5,4,3,0,0.0,0,0,0,0,0,0,0,0,0,23
66005,K. De Bruyne,Crystal Palace - Manchester City 1:2,England. Premier League,2016-11-19,"AMF, RCMF",100,71,41,0,1,2,0,0.04,43,34,4,3,4,2,2,0,18,7,1,1,4,17,4,6,5,0,0,5,3,3,1,0,0,0,1,0,0,3,9,2,1,0,0,2,1,0,0.84,0,11,8,6,4,33,19,14,2,2,0,0.0,0,0,0,0,0,0,0,0,0,67
66008,K. De Bruyne,Manchester City - Middlesbrough 1:1,England. Premier League,2016-11-05,RCMF,97,87,61,0,1,5,1,0.28,51,44,2,1,10,5,8,7,26,15,3,1,4,10,3,4,3,0,0,6,5,4,1,0,0,0,1,0,0,6,13,8,6,0,2,1,0,0,1.06,0,6,6,11,6,38,11,10,14,14,0,0.0,0,0,0,0,0,0,0,0,0,86
66010,K. De Bruyne,West Bromwich Albion - Manchester City 0:4,England. Premier League,2016-10-29,LW,26,20,11,0,1,0,0,0.0,11,8,1,1,3,2,1,0,2,1,0,0,1,4,2,0,0,0,0,1,1,0,0,0,0,0,0,0,0,1,1,0,2,0,2,0,0,0,0.18,0,1,1,1,0,6,2,2,3,3,0,0.0,0,0,0,0,0,0,0,0,0,17
66011,K. De Bruyne,Manchester City - Southampton 1:1,England. Premier League,2016-10-23,AMF,47,27,13,0,0,0,0,0.0,16,9,3,2,3,1,1,1,8,4,1,1,0,6,2,0,0,0,0,2,1,0,0,0,0,0,0,0,0,0,5,2,0,0,0,1,0,0,0.0,0,3,0,2,1,9,4,1,2,2,0,0.0,0,0,0,0,0,0,0,0,0,16
66013,K. De Bruyne,Manchester City - Everton 1:1,England. Premier League,2016-10-15,"AMF, LWB",98,107,67,0,0,9,2,0.89,65,51,10,6,8,3,7,5,27,12,2,0,2,19,0,13,11,0,0,6,4,6,3,0,0,0,1,0,0,1,13,5,3,0,1,2,3,1,0.01,1,16,14,11,6,56,18,14,9,8,0,0.0,0,0,0,0,0,0,0,0,0,103
66014,K. De Bruyne,Swansea City - Manchester City 1:3,England. Premier League,2016-09-24,"LCMF, RAMF, RCMF",83,68,45,0,1,3,0,0.17,42,34,1,0,2,1,5,4,16,8,1,1,1,7,0,4,4,0,0,5,1,2,0,1,0,1,1,0,0,3,8,6,5,0,3,2,2,2,0.76,0,6,6,10,7,30,17,14,2,2,0,0.0,0,0,0,0,0,0,0,0,0,66
66016,K. De Bruyne,Manchester City - AFC Bournemouth 4:0,England. Premier League,2016-09-17,LCMF,76,62,48,1,1,4,4,0.3,43,36,3,1,1,0,4,3,10,6,1,0,4,5,0,5,4,0,0,3,2,1,1,0,0,1,0,0,0,3,5,3,1,0,0,2,5,3,0.52,2,7,7,7,4,34,13,10,13,13,0,0.0,0,0,0,0,0,0,0,0,0,74
66018,K. De Bruyne,Manchester United - Manchester City 1:2,England. Premier League,2016-09-10,"CF, RCMF",91,83,56,1,0,6,2,0.68,46,36,1,0,4,2,5,5,26,17,2,1,1,14,1,5,3,0,0,6,4,8,5,0,0,0,0,0,0,5,10,7,6,0,2,1,1,1,0.52,0,7,4,6,5,34,17,12,5,3,0,0.0,0,0,0,0,0,0,0,0,0,63
66021,K. De Bruyne,Manchester City - West Ham United 3:1,England. Premier League,2016-08-28,RCMF,96,97,64,0,1,2,0,0.26,64,50,6,4,3,1,1,1,23,9,2,0,2,12,2,2,2,0,0,9,4,3,1,0,0,1,1,0,0,5,9,4,2,0,2,1,4,0,0.4,0,15,12,6,3,51,27,21,10,9,0,0.0,0,0,0,0,0,0,0,0,0,100
66022,K. De Bruyne,Stoke City - Manchester City 1:4,England. Premier League,2016-08-20,RCMF,90,83,54,0,1,1,0,0.02,53,38,5,3,3,1,2,1,21,10,0,0,0,15,1,3,3,66,0,8,5,5,2,0,0,1,1,1,0,3,8,3,1,0,2,0,5,1,0.22,0,6,5,8,3,38,15,11,6,6,0,0.0,0,0,0,0,0,0,0,0,0,68
66024,K. De Bruyne,Manchester City - Sunderland 2:1,England. Premier League,2016-08-13,"AMF, RCMF",96,88,63,0,0,4,1,0.2,59,51,5,5,6,1,6,3,18,10,1,0,1,12,1,4,3,0,0,8,6,1,0,0,0,2,3,0,0,1,8,4,2,0,0,2,0,0,0.22,0,9,9,6,4,52,13,11,10,9,0,0.0,0,0,0,0,0,0,0,0,0,90
66034,K. De Bruyne,Swansea City - Manchester City 1:1,England. Premier League,2016-05-15,"AMF, LW",95,70,41,0,0,3,1,0.1,40,33,1,1,5,2,7,2,19,6,2,1,4,10,1,5,4,0,0,5,2,2,0,0,0,2,1,0,0,2,10,3,2,1,1,1,2,1,0.23,0,5,4,10,7,30,8,6,9,9,0,0.0,0,0,0,0,0,0,0,0,0,63
66035,K. De Bruyne,Manchester City - Arsenal 2:2,England. Premier League,2016-05-08,"AMF, LW, RW",95,77,45,1,0,3,2,0.15,35,26,2,1,5,2,6,5,32,15,7,1,2,16,2,6,4,0,0,11,5,2,1,0,0,1,0,0,0,4,12,8,4,1,3,1,2,1,0.43,0,4,3,3,1,24,7,5,9,7,0,0.0,0,0,0,0,0,0,0,0,0,46
66038,K. De Bruyne,Newcastle United - Manchester City 1:1,England. Premier League,2016-04-19,"AMF, RAMF",97,82,48,0,0,3,1,0.22,49,37,0,0,4,1,4,3,29,10,3,0,1,15,3,3,2,0,0,4,1,5,1,1,0,0,0,0,0,0,17,8,2,0,2,1,6,1,0.0,0,5,3,7,4,30,16,11,6,6,0,0.0,0,0,0,0,0,0,0,0,0,63
66039,K. De Bruyne,Chelsea - Manchester City 0:3,England. Premier League,2016-04-16,AMF,95,77,52,0,0,3,2,0.44,49,43,0,0,1,1,2,1,18,5,2,0,4,8,2,7,3,0,0,3,1,5,2,0,0,0,2,0,0,2,8,2,3,0,1,1,0,0,0.43,1,10,9,3,3,41,13,12,11,11,0,0.0,0,0,0,0,0,0,0,0,0,79
66041,K. De Bruyne,Manchester City - West Bromwich Albion 2:1,England. Premier League,2016-04-09,AMF,35,30,17,0,0,0,0,0.0,19,15,0,0,1,0,0,0,8,1,3,0,2,8,4,1,1,0,0,2,0,1,1,1,0,1,0,0,0,0,2,0,0,2,0,0,0,0,0.0,0,1,1,4,4,18,5,5,3,3,0,0.0,0,0,0,0,0,0,0,0,0,28
66043,K. De Bruyne,AFC Bournemouth - Manchester City 0:4,England. Premier League,2016-04-02,"AMF, LAMF",58,57,34,1,0,4,3,0.63,31,24,0,0,1,0,3,1,15,7,1,1,3,13,3,4,3,0,0,2,1,4,2,0,0,1,0,0,0,1,8,3,4,1,1,1,1,0,0.0,1,6,6,6,5,29,11,9,7,4,0,0.0,0,0,0,0,0,0,0,0,0,48
66045,K. De Bruyne,West Ham United - Manchester City 2:2,England. Premier League,2016-01-23,"LAMF, RAMF, RW",97,73,48,0,0,0,0,0.0,42,36,3,2,5,1,4,3,21,9,0,0,4,7,2,11,4,0,0,6,4,5,0,1,0,3,3,0,0,3,10,5,3,0,1,0,0,0,0.05,0,9,8,4,3,19,14,12,4,4,0,0.0,0,0,0,0,0,0,0,0,0,66
66046,K. De Bruyne,Manchester City - Crystal Palace 4:0,England. Premier League,2016-01-16,"LAMF, RAMF, RW",93,62,41,0,1,1,0,0.04,41,34,1,0,2,1,2,2,18,7,0,0,2,9,1,6,2,0,0,7,3,5,1,1,0,2,0,0,0,2,6,3,3,0,0,1,1,0,0.38,0,4,2,2,2,31,7,5,12,11,0,0.0,0,0,0,0,1,1,0,0,0,56
66047,K. De Bruyne,Manchester City - Everton 0:0,England. Premier League,2016-01-13,"AMF, LAMF",73,90,61,0,0,2,0,0.17,60,44,2,0,7,3,6,4,24,15,0,0,3,16,2,4,4,0,0,9,6,1,0,0,0,1,0,0,0,4,14,9,4,0,0,1,2,0,0.43,0,12,8,7,5,44,21,13,8,8,0,0.0,0,0,0,0,0,0,0,0,0,81
66050,K. De Bruyne,Watford - Manchester City 1:2,England. Premier League,2016-01-02,"LAMF, LW, RAMF",95,89,50,0,0,3,2,0.06,53,40,7,3,8,3,8,3,26,6,5,0,3,13,5,6,4,0,0,8,2,5,1,0,0,0,1,0,0,2,8,3,3,0,2,0,3,0,0.1,0,8,7,4,2,42,12,10,10,7,0,0.0,0,0,0,0,0,0,0,0,0,72
66051,K. De Bruyne,Leicester City - Manchester City 0:0,England. Premier League,2015-12-29,"LAMF, RAMF",96,81,47,0,0,1,1,0.09,49,31,2,0,6,2,8,5,28,16,2,1,3,13,1,9,5,90,0,9,5,7,4,0,0,0,0,1,0,3,10,6,4,0,0,0,3,1,0.66,0,6,3,4,3,35,13,7,7,4,0,0.0,0,0,0,0,0,0,0,0,0,51
66052,K. De Bruyne,Manchester City - Sunderland 4:1,England. Premier League,2015-12-26,RAMF,94,93,65,1,2,3,2,0.41,66,52,3,3,7,3,8,5,19,10,1,0,3,18,0,6,6,0,0,4,3,6,2,0,0,0,0,0,0,5,8,5,5,0,2,1,5,3,0.51,0,2,2,10,5,58,17,14,7,7,0,0.0,0,0,0,0,0,0,0,0,0,89
66053,K. De Bruyne,Arsenal - Manchester City 2:1,England. Premier League,2015-12-21,"AMF, RAMF",97,99,59,0,0,3,1,0.11,64,47,3,2,9,0,5,4,28,9,2,0,1,18,5,4,2,0,0,8,4,4,0,1,0,0,2,0,0,6,14,5,4,0,3,0,1,1,0.88,0,4,3,10,2,48,13,9,14,12,0,0.0,0,0,0,0,0,0,0,0,0,76
66054,K. De Bruyne,Manchester City - Swansea City 2:1,England. Premier League,2015-12-12,AMF,28,10,6,0,0,0,0,0.0,5,2,0,0,2,0,1,1,5,4,0,0,0,3,0,2,2,0,0,1,1,2,2,0,0,0,0,0,0,1,2,1,0,0,0,0,0,0,0.05,0,0,0,1,0,3,1,0,1,1,0,0.0,0,0,0,0,0,0,0,0,0,3
66056,K. De Bruyne,Stoke City - Manchester City 2:0,England. Premier League,2015-12-05,"LAMF, RAMF",97,80,46,0,0,1,1,0.24,49,34,6,2,2,0,5,4,27,11,0,0,0,16,2,6,4,0,0,10,4,7,2,0,0,1,1,0,0,2,10,5,2,0,2,0,4,1,0.07,0,7,6,4,3,40,16,12,7,5,0,0.0,0,0,0,0,0,0,0,0,0,63
66058,K. De Bruyne,Manchester City - Southampton 3:1,England. Premier League,2015-11-28,RAMF,97,63,46,1,2,1,1,0.8,45,37,4,1,3,1,0,0,12,5,1,0,6,9,1,7,4,0,0,2,1,5,2,0,0,1,0,0,0,4,4,2,3,0,2,0,0,0,0.65,0,6,4,4,1,30,9,8,10,10,0,0.0,0,0,0,0,0,0,0,0,0,62
66060,K. De Bruyne,Manchester City - Liverpool 1:4,England. Premier League,2015-11-21,"AMF, LWF",96,98,58,0,0,0,0,0.0,59,41,2,1,11,2,9,7,36,15,6,2,0,25,2,7,6,0,0,3,3,7,2,1,1,0,0,0,0,5,20,8,2,0,1,1,2,0,0.43,0,9,7,12,4,32,16,12,6,2,0,0.0,0,0,0,0,0,0,0,0,0,69
66062,K. De Bruyne,Aston Villa - Manchester City 0:0,England. Premier League,2015-11-08,"CF, LAMF, RAMF",96,65,39,0,0,1,0,0.49,44,34,6,4,5,2,4,3,18,5,3,0,1,12,2,2,2,0,0,4,0,2,0,1,0,0,1,0,0,3,9,5,3,1,1,1,2,1,0.2,0,3,1,6,3,28,12,7,12,12,0,0.0,0,0,0,0,0,0,0,0,0,64
66064,K. De Bruyne,Manchester City - Norwich City 2:1,England. Premier League,2015-10-31,"AMF, LW",73,68,39,0,1,1,0,0.07,42,32,2,1,4,0,2,1,20,7,4,2,2,15,3,6,4,34,0,3,0,3,2,0,0,0,1,1,0,2,10,3,4,2,0,2,1,0,0.13,0,1,0,5,1,34,6,3,13,13,0,0.0,0,0,0,0,0,0,0,0,0,50
66066,K. De Bruyne,Manchester United - Manchester City 0:0,England. Premier League,2015-10-25,"LAMF, RAMF",94,50,21,0,0,1,0,0.05,25,12,4,1,5,1,5,1,19,7,3,0,2,14,2,7,5,0,0,4,2,4,2,0,0,0,0,0,0,2,8,3,1,0,1,2,0,0,0.22,0,2,2,3,2,15,4,3,4,2,0,0.0,0,0,0,0,0,0,0,0,0,23
66068,K. De Bruyne,Manchester City - AFC Bournemouth 5:1,England. Premier League,2015-10-17,LAMF,65,66,41,0,1,3,2,0.14,43,34,7,4,2,2,6,2,15,3,1,1,1,8,5,0,0,0,0,3,0,2,0,0,0,0,2,0,0,2,9,2,3,0,3,0,2,2,0.32,0,13,9,2,2,30,9,7,13,10,0,0.0,0,0,0,0,0,0,0,0,0,70
66071,K. De Bruyne,Manchester City - Newcastle United 6:1,England. Premier League,2015-10-03,"AMF, LAMF, RAMF",97,104,67,1,2,4,2,0.26,70,54,6,6,6,1,5,2,24,8,2,0,6,13,3,15,9,0,0,6,4,1,0,0,0,1,0,0,0,3,15,4,5,0,1,1,2,1,0.59,1,9,8,7,3,48,17,15,17,15,0,0.0,0,0,0,0,0,0,0,0,0,103
66073,K. De Bruyne,Tottenham Hotspur - Manchester City 4:1,England. Premier League,2015-09-26,"AMF, LAMF, RAMF",95,77,43,1,0,3,2,0.48,46,31,2,2,4,1,3,2,25,10,4,2,2,12,5,10,7,0,0,5,3,4,1,0,0,0,0,0,0,1,12,4,1,0,0,2,1,0,0.09,0,8,6,5,4,28,16,12,7,4,0,0.0,0,0,0,0,0,0,0,0,0,60
66075,K. De Bruyne,Manchester City - West Ham United 1:2,England. Premier League,2015-09-19,"AMF, LAMF, LWB",99,104,77,1,0,3,1,0.1,74,59,4,3,9,2,7,7,23,16,2,2,1,19,3,14,11,0,0,7,5,3,1,1,1,0,1,0,0,5,11,8,4,0,1,0,1,0,0.43,0,9,8,11,6,53,20,15,9,8,0,0.0,0,0,0,0,0,0,0,0,0,101
66077,K. De Bruyne,Crystal Palace - Manchester City 0:1,England. Premier League,2015-09-12,"AMF, LAMF",75,81,48,0,0,1,1,0.03,54,43,2,1,2,0,2,0,22,4,3,0,2,5,1,6,5,0,0,5,2,3,1,2,0,0,2,0,0,4,11,1,1,0,0,0,4,1,0.61,0,5,3,4,1,38,16,11,9,9,0,0.0,0,0,0,0,2,2,0,0,0,71
